Title,City,Salary,EmploymentType,JobURL,Company,Posted_date,RemoteStatus,JobID,Current date time (CST)
Production Analyst,Dubuque,$20 / hr,Contractor,"https://www.ziprecruiter.com/c/Epitec/Job/Production-Analyst/-in-Dubuque,IA?jid=706072634bac65f5",Epitec,2024-01-04T20:58:22Z,,706072634bac65f5,2024-02-04T08:13:00Z
DES Analyst - Data Analyst,Tempe,$30 - $40 / hr,Contractor,"https://www.ziprecruiter.com/c/TEKsystems/Job/DES-Analyst-Data-Analyst/-in-Tempe,AZ?jid=568896635133cebb",TEKsystems,2019-05-17T23:09:58Z,,568896635133cebb,2024-02-04T08:13:00Z
Part Time Data Analyst,San Diego,$25 / hr,Contractor,"https://www.ziprecruiter.com/c/Insight-Global/Job/Part-Time-Data-Analyst/-in-San-Diego,CA?jid=7aa5c5f33907af00",Insight Global,2024-01-19T23:18:01Z,remote,7aa5c5f33907af00,2024-02-04T08:13:00Z
Billing Analyst,San Diego,$28.50 - $34.50 / hr,Contractor,"https://www.ziprecruiter.com/c/Insight-Global/Job/Billing-Analyst/-in-San-Diego,CA?jid=0f89a00abb64a1fc",Insight Global,2024-02-01T16:45:09Z,,0f89a00abb64a1fc,2024-02-04T08:13:00Z
Data Analyst,Chandler,$30 - $50 / hr,Contractor,"https://www.ziprecruiter.com/c/TEKsystems/Job/Data-Analyst/-in-Chandler,OH?jid=f6568218cf77b3c9",TEKsystems,2019-06-03T17:42:56Z,,f6568218cf77b3c9,2024-02-04T08:13:00Z
Data Analyst (Remote): 24-00008,Newport Beach,$58 - $63 / hr,Contractor,"https://www.ziprecruiter.com/c/Platinum-Resource-Group/Job/Data-Analyst-(Remote):-24-00008/-in-Newport-Beach,CA?jid=fb9316af637493be",Platinum Resource Group,2024-01-23T19:45:41Z,remote,fb9316af637493be,2024-02-04T08:13:00Z
Sales Operations Analyst,Lehi,$30 - $34 / hr,Contractor,"https://www.ziprecruiter.com/c/SGA/Job/Sales-Operations-Analyst/-in-Lehi,UT?jid=8960f7eccffa6169",SGA,2023-06-16T21:42:43Z,,8960f7eccffa6169,2024-02-04T08:13:00Z
Data Analytics Engineer,Santa Monica,$90K - $120K / yr,Contractor,"https://www.ziprecruiter.com/c/Oceanfront-Analytics/Job/Data-Analytics-Engineer/-in-Santa-Monica,CA?jid=6794a96540943187",Oceanfront Analytics,2023-08-30T14:37:45Z,,6794a96540943187,2024-02-04T08:13:00Z
Stability Analyst,Rocklin,$20 - $25 / hr,Contractor,"https://www.ziprecruiter.com/c/Ronin-Staffing,-LLC/Job/Stability-Analyst/-in-Rocklin,CA?jid=5eddba37f61ecfe4","Ronin Staffing, LLC",2024-01-24T20:17:24Z,,5eddba37f61ecfe4,2024-02-04T08:13:00Z
Claims Recovery Data Analyst | Contract,Orange County,$30 - $42 / hr,Contractor,"https://www.ziprecruiter.com/c/Consilio-Enterprise-Talent-Solutions/Job/Claims-Recovery-Data-Analyst-|-Contract/-in-Orange-County,CA?jid=ef330983030051b2",Consilio - Enterprise Talent Solutions,2024-01-22T22:48:50Z,,ef330983030051b2,2024-02-04T08:13:00Z
Business Systems Analyst,San Diego,$32 / hr,Contractor,"https://www.ziprecruiter.com/c/A.P.R.,-Inc.-(AlphaProTemps)/Job/Business-Systems-Analyst/-in-San-Diego,CA?jid=2d244d720e7c9bd4","A.P.R., Inc. (AlphaProTemps)",2024-01-26T01:14:58Z,,2d244d720e7c9bd4,2024-02-04T08:13:00Z
Business Systems Analyst - IT - III,Foster City,$70 - $80 / hr,Contractor,"https://www.ziprecruiter.com/c/Integrated-Resources,-Inc/Job/Business-Systems-Analyst-IT-III/-in-Foster-City,CA?jid=25668de01aad34c0","Integrated Resources, Inc",2024-01-23T03:24:57Z,,25668de01aad34c0,2024-02-04T08:13:00Z
Sr. Project Analyst,Newport Beach,$49 - $51 / hr,Contractor,"https://www.ziprecruiter.com/c/DB-HEALTHCARE-INC/Job/Sr.-Project-Analyst/-in-Newport-Beach,CA?jid=b8f38f3e28c5baf6",DB HEALTHCARE INC,2023-12-12T15:27:50Z,remote,b8f38f3e28c5baf6,2024-02-04T08:13:00Z
FT Contract Opportunity | Business Systems Analyst | Remote,Redmond,$70K - $80K / yr,Contractor,"https://www.ziprecruiter.com/c/Lucid-Consulting-Group/Job/FT-Contract-Opportunity-|-Business-Systems-Analyst-|-Remote/-in-Redmond,WA?jid=1409600541874c64",Lucid Consulting Group,2023-12-30T14:35:33Z,remote,1409600541874c64,2024-02-04T08:13:00Z
Workday HRIS Systems Administrator-Remote,Minnetonka,$38 - $40 / hr,Contractor,"https://www.ziprecruiter.com/c/BCForward/Job/Workday-HRIS-Systems-Administrator-Remote/-in-Minnetonka,MN?jid=812b2146ff4ed324",BCForward,2024-01-25T02:26:17Z,,812b2146ff4ed324,2024-02-04T08:13:00Z
Business Intelligence Analyst,Long Beach,$90 - $105 / hr,Contractor,"https://www.ziprecruiter.com/c/KCG/Job/Business-Intelligence-Analyst/-in-Long-Beach,CA?jid=5566ce152a2e66cd",KCG,2024-02-01T17:14:30Z,,5566ce152a2e66cd,2024-02-04T08:13:00Z
"Data Analyst (Contract to Hire), Oakland, CA",Oakland,$0 / ,Contractor,https://b.jobcase.com/l/f/d/get_job.fsn?CID=4607&job_id=b5488967e7bea885dfeb0e718547ab50&t=Data+Analyst+%28Contract+to+Hire%29%2C+Oakland%2C+CA&c=International+Staffing+Consultants%2C+Inc.&l=Oakland%2C+CA+94605&AID=3776409&CMP=25320082&p=MTU%3D&repl=y&fpt=1706983108587&pcid=%7BPCID%7D&CHID=,"International Staffing Consultants, Inc.",2024-01-12T04:25:28Z,,,2024-02-04T08:13:00Z
Business Systems Analyst/PM - Remote,Los Angeles,$65 - $85 / hr,Contractor,"https://www.ziprecruiter.com/c/Strategic-Resource-Partners,-Inc./Job/Business-Systems-Analyst-PM-Remote/-in-Los-Angeles,CA?jid=e990571fa6a342a6","Strategic Resource Partners, Inc.",2024-01-24T05:16:13Z,remote,e990571fa6a342a6,2024-02-04T08:13:03Z
Technology Data & Reporting Analyst,Remote,$0 / ,Contractor,"https://www.ziprecruiter.com/c/Abacus-Service-Corporation/Job/Technology-Data-&-Reporting-Analyst/-in-Remote,OR?jid=48dee10fb9341efc",Abacus Service Corporation,2023-08-01T17:19:24Z,remote,48dee10fb9341efc,2024-02-04T08:13:03Z
Senior UX Designer,Seattle,$80 - $85 / hr,Contractor,"https://www.ziprecruiter.com/c/Akkodis/Job/Senior-UX-Designer/-in-Seattle,WA?jid=4a48c263d0e69378",Akkodis,2024-01-10T13:24:46Z,remote,4a48c263d0e69378,2024-02-04T08:13:03Z
Senior Clinical Data Coordinator,Alameda,$55 - $60 / hr,Contractor,"https://www.ziprecruiter.com/c/Collabera/Job/Senior-Clinical-Data-Coordinator/-in-Alameda,CA?jid=200c5e5ea4e49e8d",Collabera,2023-07-25T16:46:29Z,,200c5e5ea4e49e8d,2024-02-04T08:13:03Z
Data Analyst,Remote,$0 / ,Contractor,"https://www.ziprecruiter.com/c/Analyst-It-Vulnerability-Management-:-23-00057-IT-Jobs-|-IT-Positions/Job/Data-Analyst/-in-Remote,OR?jid=0a9a5d4365c1b288",Analyst It Vulnerability Management #: 23-00057 - IT Jobs | IT Positions,2024-02-02T08:00:00Z,,0a9a5d4365c1b288,2024-02-04T08:13:03Z
Sr. Benefits Analyst,Sugar Land,$90K - $100K / yr,Contractor,"https://www.ziprecruiter.com/c/LHH-Recruitment-Solutions/Job/Sr.-Benefits-Analyst/-in-Sugar-Land,TX?jid=531dbe7a49ed0998",LHH Recruitment Solutions,2024-01-24T00:17:00Z,,531dbe7a49ed0998,2024-02-04T08:13:03Z
Data Analyst,Antioch,$44 - $46.21 / hr,Contractor,"https://www.ziprecruiter.com/c/Alpha-Consulting-Corp./Job/Data-Analyst/-in-Antioch,IL?jid=7518e4f178a979d4",Alpha Consulting Corp.,2024-01-05T08:00:00Z,,7518e4f178a979d4,2024-02-04T08:13:03Z
Data Analyst I,Culver City,$34 - $39 / hr,Contractor,"https://www.ziprecruiter.com/c/MindSource/Job/Data-Analyst-I/-in-Culver-City,CA?jid=0baf84afe56be08b",MindSource,2024-01-11T08:00:00Z,remote,0baf84afe56be08b,2024-02-04T08:13:03Z
Data Analyst,San Francisco,$60 - $63 / hr,Contractor,"https://www.ziprecruiter.com/c/Laboratory-Technician-|-St.-Cloud-Shines/Job/Data-Analyst/-in-San-Francisco,CA?jid=6b706d3c3fcd5c9f",Laboratory Technician | St. Cloud Shines,2023-09-01T07:00:00Z,remote,6b706d3c3fcd5c9f,2024-02-04T08:13:03Z
JR DATA ANALYST,Costa Mesa,$0 / ,Contractor,"https://www.ziprecruiter.com/c/Skiltrek/Job/JR-DATA-ANALYST/-in-Costa-Mesa,CA?jid=37720fc7ff9779ef",Skiltrek,2023-04-28T07:00:00Z,remote,37720fc7ff9779ef,2024-02-04T08:13:03Z
Data Analyst I-III,Myrtle Point,$15 - $24.70 / hr,Contractor,"https://www.ziprecruiter.com/c/InfoAge-Solutions-(IAS)/Job/Data-Analyst-I-III/-in-Myrtle-Point,OR?jid=647d7c634ccfd35c",InfoAge Solutions (IAS),2024-01-19T00:00:00Z,,647d7c634ccfd35c,2024-02-04T08:13:03Z
Excel Data Analyst (Contract),South San Francisco,$0 / ,Contractor,"https://www.ziprecruiter.com/c/Pira-Consulting-|-Professional-Technology-Staffing-Agency/Job/Excel-Data-Analyst-(Contract)/-in-South-San-Francisco,CA?jid=8ce88117848eb937",Pira Consulting | Professional Technology Staffing Agency,2024-02-02T18:54:15Z,remote,8ce88117848eb937,2024-02-04T08:13:03Z
Data Analyst,Beaverton,$0 / ,Contractor,"https://www.ziprecruiter.com/c/Genoa-Employment-Solutions-Inc/Job/Data-Analyst/-in-Beaverton,OR?jid=bac461cd631bdf85",Genoa Employment Solutions Inc,2022-11-29T07:27:49Z,remote,bac461cd631bdf85,2024-02-04T08:13:03Z
Data Analyst,Naperville,$0 / ,Contractor,"https://www.ziprecruiter.com/c/Perfict-Global/Job/Data-Analyst/-in-Naperville,IL?jid=2f5c7fa68ef4b9a9",Perfict Global,2024-01-31T08:00:00Z,,2f5c7fa68ef4b9a9,2024-02-04T08:13:03Z
Product Analyst,Burnsville,$25 - $33 / hr,Contractor,"https://www.ziprecruiter.com/c/Konik/Job/Product-Analyst/-in-Burnsville,MN?jid=cee7a3e738b2add2",Konik,2024-01-17T08:00:00Z,,cee7a3e738b2add2,2024-02-04T08:13:03Z
TRIBAL INTERN - Data Analyst,Phoenix,$20 / hr,Contractor,"https://www.ziprecruiter.com/c/Central-Arizona-Project/Job/TRIBAL-INTERN-Data-Analyst/-in-Phoenix,AZ?jid=d9df4b57a4a7474f",Central Arizona Project,2023-12-18T00:00:00Z,remote,d9df4b57a4a7474f,2024-02-04T08:13:03Z
Supply Planning Analyst,Flower Mound,$0 / ,Contractor,https://b.jobcase.com/l/f/d/get_job.fsn?CID=4598&job_id=62662dbefdba376dd08b705f507114df&t=Supply+Planning+Analyst&c=iMPact+Business+Group&l=Flower+Mound%2C+TX+75028&AID=3776409&CMP=25320079&p=MTU%3D&repl=y&fpt=1707010952089&pcid=%7BPCID%7D&CHID=,iMPact Business Group,2023-11-23T23:01:05Z,,,2024-02-04T08:13:03Z
Data Analyst,San Diego,$24 / hr,Contractor,"https://www.ziprecruiter.com/c/Artech-Information-System-LLC/Job/Data-Analyst/-in-San-Diego,CA?jid=950d2cf00803f1b1",Artech Information System LLC,2017-09-08T07:00:00Z,,950d2cf00803f1b1,2024-02-04T08:13:03Z
Real World Evidence (RWE) - Data Analyst,Remote,$0 / ,Contractor,"https://www.ziprecruiter.com/c/Artech/Job/Real-World-Evidence-(RWE)-Data-Analyst/-in-Remote,OR?jid=323b8d88510ca2bc",Artech,2023-10-26T07:00:00Z,remote,323b8d88510ca2bc,2024-02-04T08:13:03Z
Data Integrity/Labeling Analyst,Sacramento,$0 / ,Contractor,"https://www.ziprecruiter.com/c/Ursus,-Inc./Job/Data-Integrity-Labeling-Analyst/-in-Sacramento,CA?jid=1843a0d10f76786a","Ursus, Inc.",2024-02-02T04:23:56Z,,1843a0d10f76786a,2024-02-04T08:13:03Z
Real World Evidence (RWE) - Data Analyst,Remote,$0 / ,Contractor,"https://www.ziprecruiter.com/c/Artech/Job/Real-World-Evidence-(RWE)-Data-Analyst/-in-Remote,OR?jid=323b8d88510ca2bc",Artech,2023-10-26T07:00:00Z,remote,323b8d88510ca2bc,2024-02-04T08:13:08Z
Data Integrity/Labeling Analyst,Sacramento,$0 / ,Contractor,"https://www.ziprecruiter.com/c/Ursus,-Inc./Job/Data-Integrity-Labeling-Analyst/-in-Sacramento,CA?jid=1843a0d10f76786a","Ursus, Inc.",2024-02-02T04:23:56Z,,1843a0d10f76786a,2024-02-04T08:13:08Z
Hiring for Business Analyst Roles,Chicago,$0 / ,Contractor,"https://www.ziprecruiter.com/c/Beta-oft-Systems-Inc/Job/Hiring-for-Business-Analyst-Roles/-in-Chicago,IL?jid=fe5068bb77c241ea",Beta oft Systems Inc,2020-03-11T00:00:00Z,,fe5068bb77c241ea,2024-02-04T08:13:08Z
Data Analyst,Charlotte,$0 / ,Contractor,"https://www.ziprecruiter.com/c/eTeam/Job/Data-Analyst/-in-Charlotte,NC?jid=15c857590cc51f3c",eTeam,2022-07-13T07:00:00Z,,15c857590cc51f3c,2024-02-04T08:13:08Z
Senior Project Analyst,Newport Beach,$45 - $55 / hr,Contractor,"https://www.ziprecruiter.com/c/Peregrine-Team/Job/Senior-Project-Analyst/-in-Newport-Beach,CA?jid=696046f07b3f513b",Peregrine Team,2024-01-12T04:08:22Z,,696046f07b3f513b,2024-02-04T08:13:08Z
Data Analyst/SR (29689),Phoenix,$0 / ,Contractor,"https://www.ziprecruiter.com/c/IDEALFORCE-LLC/Job/Data-Analyst-SR-(29689)/-in-Phoenix,AZ?jid=345df3be7374aaa3",IDEALFORCE LLC,2014-07-25T07:00:00Z,,345df3be7374aaa3,2024-02-04T08:13:08Z
Jr- Mid-level Data Analyst/Engineer,Englewood,$0 / ,Contractor,"https://www.ziprecruiter.com/c/ClientSolv-Technologies/Job/Jr-Mid-level-Data-Analyst-Engineer/-in-Englewood,CO?jid=65f771f3568973d7",ClientSolv Technologies,2022-01-25T08:00:00Z,,65f771f3568973d7,2024-02-04T08:13:08Z
Data Analyst,Cincinnati,$0 / ,Contractor,"https://www.ziprecruiter.com/c/JW-Affinity-IT/Job/Data-Analyst/-in-Cincinnati,OH?jid=b60d48682b7cd506",JW Affinity IT,2022-02-03T08:00:00Z,,b60d48682b7cd506,2024-02-04T08:13:08Z
Sales Analyst,Savage,$35 / hr,Contractor,"https://www.ziprecruiter.com/c/inSync-Staffing/Job/Sales-Analyst/-in-Savage,MN?jid=4ae10bf63dc02552",inSync Staffing,2024-02-02T08:00:00Z,,4ae10bf63dc02552,2024-02-04T08:13:08Z
Data Analyst IV,Cupertino,$61 - $66 / hr,Contractor,"https://www.ziprecruiter.com/c/MindSource/Job/Data-Analyst-IV/-in-Cupertino,CA?jid=bd445b724c7a0ffb",MindSource,2024-01-22T08:00:00Z,,bd445b724c7a0ffb,2024-02-04T08:13:08Z
Data Analyst,Phoenix,$0 / ,Contractor,"https://www.ziprecruiter.com/c/Atria-Group-LLC/Job/Data-Analyst/-in-Phoenix,AZ?jid=dd96659d6e5639ac",Atria Group LLC,2016-02-15T08:00:00Z,,dd96659d6e5639ac,2024-02-04T08:13:08Z
Data Analyst,New Brighton,$0 / ,Contractor,"https://www.ziprecruiter.com/c/RIT-Solutions/Job/Data-Analyst/-in-New-Brighton,MN?jid=9890b6af3682d7c1",RIT Solutions,2023-12-20T08:00:00Z,remote,9890b6af3682d7c1,2024-02-04T08:13:08Z
ArcGis Data Analyst,Denver,$0 / ,Contractor,"https://www.ziprecruiter.com/c/Marathon-TS/Job/ArcGis-Data-Analyst/-in-Denver,CO?jid=46b475e2eec62c1f",Marathon TS,2019-08-21T07:00:00Z,,46b475e2eec62c1f,2024-02-04T08:13:08Z
Looking for a Data analyst with our direct banking client,Plano,$0 / ,Contractor,"https://www.ziprecruiter.com/c/Artech/Job/Looking-for-a-Data-analyst-with-our-direct-banking-client/-in-Plano,TX?jid=4035bf9df57fd074",Artech,2023-10-06T23:13:04Z,,4035bf9df57fd074,2024-02-04T08:13:08Z
"Data Analyst Lead - Richardson, TX",Richardson,$0 / ,Contractor,"https://www.ziprecruiter.com/c/Deegit-Inc/Job/Data-Analyst-Lead-Richardson,-TX/-in-Richardson,TX?jid=1e18680fcf5aee29",Deegit Inc,2015-09-21T00:00:00Z,,1e18680fcf5aee29,2024-02-04T08:13:08Z
Data Analyst Level II (38945),Phoenix,$0 / ,Contractor,"https://www.ziprecruiter.com/c/IDEALFORCE-LLC/Job/Data-Analyst-Level-II-(38945)/-in-Phoenix,AZ?jid=9b242ea8c070cc49",IDEALFORCE LLC,2016-02-24T08:00:00Z,,9b242ea8c070cc49,2024-02-04T08:13:08Z
Data Analyst,Redmond,$0 / ,Contractor,"https://www.ziprecruiter.com/c/SRI-Tech-solutions-Inc/Job/Data-Analyst/-in-Redmond,WA?jid=c9ea9e54bc0a6c00",SRI Tech solutions Inc,2016-07-08T07:00:00Z,,c9ea9e54bc0a6c00,2024-02-04T08:13:08Z
Document/Data Analyst,Boulder,$0 / ,Contractor,"https://www.ziprecruiter.com/c/Integrated-Resources-INC/Job/Document-Data-Analyst/-in-Boulder,CO?jid=09372b8099ec323f",Integrated Resources INC,2016-08-09T07:00:00Z,,09372b8099ec323f,2024-02-04T08:13:08Z
Data Analyst,Hillsboro,$0 / ,Contractor,"https://www.ziprecruiter.com/c/Procom-Consultants-Group/Job/Data-Analyst/-in-Hillsboro,OR?jid=b85d880ea198c648",Procom Consultants Group,2016-01-29T08:00:00Z,,b85d880ea198c648,2024-02-04T08:13:08Z
Logistics Analyst (Mid),Chesterfield,$0 / ,Contractor,"https://www.ziprecruiter.com/c/Belcan/Job/Logistics-Analyst-(Mid)/-in-Chesterfield,MO?jid=7f593845e515f781",Belcan,2024-01-12T08:00:00Z,,7f593845e515f781,2024-02-04T08:13:18Z
Data Engineer/Analyst,Fremont,$0 / ,Contractor,"https://www.ziprecruiter.com/c/RIT-Solutions/Job/Data-Engineer-Analyst/-in-Fremont,CA?jid=deb643b03d31e086",RIT Solutions,2023-11-30T08:00:00Z,,deb643b03d31e086,2024-02-04T08:13:18Z
Business Analyst/ Short Term Remote - 1 month Contract,Remote,$0 / ,Contractor,"https://www.ziprecruiter.com/c/Suncap-Technology/Job/Business-Analyst-Short-Term-Remote-1-month-Contract/-in-Remote,OR?jid=67114b1b59bb06d3",Suncap Technology,2024-01-22T08:00:00Z,,67114b1b59bb06d3,2024-02-04T08:13:18Z
Measurement Insights Analyst,San Francisco,$40 - $51.86 / hr,Contractor,"https://www.ziprecruiter.com/c/LeadStack/Job/Measurement-Insights-Analyst/-in-San-Francisco,CA?jid=4964ed6dfb0056a8",LeadStack,2024-02-01T08:00:00Z,,4964ed6dfb0056a8,2024-02-04T08:13:18Z
Business Analyst - Utility Data Contractors,San Diego,$0 / ,Contractor,"https://www.ziprecruiter.com/c/Shiftcode-Analytics,-Inc/Job/Business-Analyst-Utility-Data-Contractors/-in-San-Diego,CA?jid=adac6c46d75ea85c","Shiftcode Analytics, Inc",2024-01-23T04:40:46Z,,adac6c46d75ea85c,2024-02-04T08:13:18Z
BUSINESS ANALYST,Addison,$0 / ,Contractor,"https://www.ziprecruiter.com/c/SHIRO-Technologies-Inc/Job/BUSINESS-ANALYST/-in-Addison,TX?jid=2004fb116661e78a",SHIRO Technologies Inc,2023-06-23T00:00:00Z,,2004fb116661e78a,2024-02-04T08:13:18Z
Business Analyst Co-op,Vancouver,$0 / ,Contractor,"https://www.ziprecruiter.com/c/Teck-Resources-Limited/Job/Business-Analyst-Co-op/-in-Vancouver,WA?jid=0a77211387d630b4",Teck Resources Limited,2024-01-31T08:00:00Z,,0a77211387d630b4,2024-02-04T08:13:18Z
IT Data Analyst,Nashville,$0 / ,Contractor,"https://www.ziprecruiter.com/c/Open-Systems-Technologies/Job/IT-Data-Analyst/-in-Nashville,TN?jid=73bf746eb108c3e2",Open Systems Technologies,2017-07-05T07:00:00Z,,73bf746eb108c3e2,2024-02-04T08:13:18Z
Jr. Data Analyst,Walnut Creek,$0 / ,Contractor,"https://www.ziprecruiter.com/c/Artech-Information-System-LLC/Job/Jr.-Data-Analyst/-in-Walnut-Creek,CA?jid=a1d231590e7a6886",Artech Information System LLC,2017-02-16T08:00:00Z,,a1d231590e7a6886,2024-02-04T08:13:18Z
Data Analyst,Concord,$0 / ,Contractor,"https://www.ziprecruiter.com/c/H1B-Sponsorship-Jobs-in-Usa/Job/Data-Analyst/-in-Concord,CA?jid=892b4786697af76c",H1B Sponsorship Jobs in Usa,2023-11-20T16:20:54Z,,892b4786697af76c,2024-02-04T08:13:18Z
Senior Data Analyst,San Jose,$0 / ,Contractor,"https://www.ziprecruiter.com/c/FocusKPI-Inc./Job/Senior-Data-Analyst/-in-San-Jose,CA?jid=a2686abbd95104cd",FocusKPI Inc.,2023-12-13T23:15:05Z,,a2686abbd95104cd,2024-02-04T08:13:18Z
Denver CO_Business Data analyst(SAS exp preferrred)_W2,Denver,$0 / ,Contractor,"https://www.ziprecruiter.com/c/360-IT-Professionals/Job/Denver-CO_Business-Data-analyst(SAS-exp-preferrred)_W2/-in-Denver,CO?jid=4f192d2530bd1c5b",360 IT Professionals,2017-06-02T07:00:00Z,,4f192d2530bd1c5b,2024-02-04T08:13:18Z
Business Data Analyst III,Denver,$0 / ,Contractor,"https://www.ziprecruiter.com/c/Ask-IT-consulting/Job/Business-Data-Analyst-III/-in-Denver,CO?jid=b1ee76a754536486",Ask IT consulting,2017-07-12T07:00:00Z,,b1ee76a754536486,2024-02-04T08:13:18Z
"Title V Data Research Analyst, Institutional Planning & Research Department",Los Angeles,"$5,666.67 / mo",Contractor,"https://www.ziprecruiter.com/c/Mount-St.Marys-College,-Los-Angeles/Job/Title-V-Data-Research-Analyst,-Institutional-Planning-&-Research-Department/-in-Los-Angeles,CA?jid=e6c7929cb56c977c","Mount St.Mary's College, Los Angeles",2023-12-19T00:00:00Z,remote,e6c7929cb56c977c,2024-02-04T08:13:18Z
Data Integration Architect,Pleasanton,$52 - $69 / hr,Contractor,"https://www.ziprecruiter.com/c/Workday/Job/Data-Integration-Architect/-in-Pleasanton,CA?jid=a81d12218066b32d",Workday,2024-01-24T03:48:28Z,,a81d12218066b32d,2024-02-04T08:13:18Z
Business Data Analyst,Seattle,$0 / ,Contractor,"https://www.ziprecruiter.com/c/Full-Time-Contract-for-Workday-Integrations-Consultant-in-Sunnyvale-or-Austin-(Relocation-necessa.../Job/Business-Data-Analyst/-in-Seattle,WA?jid=63f70720679a7d95",Full Time/Contract for Workday Integrations Consultant in Sunnyvale or Austin (Relocation necessa...,2023-09-28T07:00:00Z,,63f70720679a7d95,2024-02-04T08:13:18Z
Workday Data Analyst,San Francisco,$0 / ,Contractor,"https://www.ziprecruiter.com/c/Abacus-Service-Corporation/Job/Workday-Data-Analyst/-in-San-Francisco,CA?jid=30352ba023de8fe1",Abacus Service Corporation,2021-12-16T08:00:00Z,,30352ba023de8fe1,2024-02-04T08:13:18Z
Sr. Data Analyst,San Diego,$91K - $115K / yr,Contractor,"https://www.ziprecruiter.com/c/CEDENT/Job/Sr.-Data-Analyst/-in-San-Diego,CA?jid=389bda92b64f3c1d",CEDENT,2023-06-26T10:00:00Z,,389bda92b64f3c1d,2024-02-04T08:13:18Z
Business Analyst - III,San Francisco,$58 / hr,Contractor,"https://www.ziprecruiter.com/c/TechDigital-Corporation/Job/Business-Analyst-III/-in-San-Francisco,CA?jid=ff6d33c29826a7f0",TechDigital Corporation,2024-01-05T04:30:56Z,,ff6d33c29826a7f0,2024-02-04T08:13:18Z
System Analyst- Product Information Management,Remote,$0 / ,Contractor,"https://www.ziprecruiter.com/c/Project-Specialist-1-:-23-01710-Jobymind.com/Job/System-Analyst-Product-Information-Management/-in-Remote,OR?jid=121388387681b85e",Project Specialist - 1 #: 23-01710 - Jobymind.com,2024-01-11T08:00:00Z,,121388387681b85e,2024-02-04T08:13:18Z
Data Migration Analyst,Sunnyvale,$0 / ,Contractor,"https://www.ziprecruiter.com/c/US-Tech-Solutions/Job/Data-Migration-Analyst/-in-Sunnyvale,CA?jid=a633a087c8b45c34",US Tech Solutions,2016-10-25T07:00:00Z,,a633a087c8b45c34,2024-02-04T08:13:22Z
IT Data Analyst,Nashville,$0 / ,Contractor,"https://www.ziprecruiter.com/c/Open-Systems-Technologies/Job/IT-Data-Analyst/-in-Nashville,TN?jid=73bf746eb108c3e2",Open Systems Technologies,2017-07-05T07:00:00Z,,73bf746eb108c3e2,2024-02-04T08:13:22Z
Systems and Data Analyst 4,Englewood,$0 / ,Contractor,"https://www.ziprecruiter.com/c/ACL-Digital/Job/Systems-and-Data-Analyst-4/-in-Englewood,CO?jid=e656a75d0618690e",ACL Digital,2023-07-14T00:00:00Z,,e656a75d0618690e,2024-02-04T08:13:22Z
Associate Contract Data Analyst,Fort Worth,$66K - $80K / yr,Contractor,"https://www.ziprecruiter.com/c/Textron/Job/Associate-Contract-Data-Analyst/-in-Fort-Worth,TX?jid=fdc95b457147bda6",Textron,2023-12-08T09:00:40Z,,fdc95b457147bda6,2024-02-04T08:13:22Z
Business Analyst (Business Data Analyst),San Francisco,$0 / ,Contractor,"https://www.ziprecruiter.com/c/H1B-Sponsorship-Jobs-in-Usa/Job/Business-Analyst-(Business-Data-Analyst)/-in-San-Francisco,CA?jid=35093afff9755bdb",H1B Sponsorship Jobs in Usa,2023-11-29T08:00:00Z,,35093afff9755bdb,2024-02-04T08:13:22Z
Data Analyst - Global Places and Security,Santa Clara,$0 / ,Contractor,"https://www.ziprecruiter.com/c/TalentBurst,-Inc./Job/Data-Analyst-Global-Places-and-Security/-in-Santa-Clara,CA?jid=f5439c4e862aab6f","TalentBurst, Inc.",2024-01-08T08:00:00Z,remote,f5439c4e862aab6f,2024-02-04T08:13:22Z
SCADA Analyst/Programmer - Contract,Anchorage,$0 / ,Contractor,"https://www.ziprecruiter.com/c/ConocoPhillips/Job/SCADA-Analyst-Programmer-Contract/-in-Anchorage,AK?jid=24c7f0088cc971bd",ConocoPhillips,2024-01-26T07:04:33Z,,24c7f0088cc971bd,2024-02-04T08:13:22Z
Business Data Analyst,Redwood City,$0 / ,Contractor,"https://www.ziprecruiter.com/c/SV-Tech-Systems-Inc/Job/Business-Data-Analyst/-in-Redwood-City,CA?jid=ef42bafe591f08c6",SV Tech Systems Inc,2015-04-06T07:00:00Z,,ef42bafe591f08c6,2024-02-04T08:13:22Z
Business Analyst/Data Analysts,Santa Clara,$0 / ,Contractor,"https://www.ziprecruiter.com/c/360-IT-Professionals/Job/Business-Analyst-Data-Analysts/-in-Santa-Clara,CA?jid=0767b78ffe8f8abf",360 IT Professionals,2017-08-21T07:00:00Z,,0767b78ffe8f8abf,2024-02-04T08:13:22Z
Business System Data Analyst,Salem,$0 / ,Contractor,"https://www.ziprecruiter.com/c/SA-Technologies-Inc./Job/Business-System-Data-Analyst/-in-Salem,OR?jid=aaabd6b6f0b85f60",SA Technologies Inc.,2017-05-02T07:00:00Z,,aaabd6b6f0b85f60,2024-02-04T08:13:22Z
Infrastructure Business Analyst Co-op,Vancouver,$0 / ,Contractor,"https://www.ziprecruiter.com/c/Teck-Resources-Limited/Job/Infrastructure-Business-Analyst-Co-op/-in-Vancouver,WA?jid=9b054d9007b8385b",Teck Resources Limited,2024-01-31T08:00:00Z,,9b054d9007b8385b,2024-02-04T08:13:22Z
Reporting Analyst - Financial Risk Reporting,Dallas,$60 - $68 / hr,Contractor,"https://www.ziprecruiter.com/c/Pyramid-Consulting/Job/Reporting-Analyst-Financial-Risk-Reporting/-in-Dallas,TX?jid=ee09074d8b87008a",Pyramid Consulting,2024-01-18T08:00:00Z,,ee09074d8b87008a,2024-02-04T08:13:22Z
Engineering Sr Analyst,Saint Paul,$0 / ,Contractor,"https://www.ziprecruiter.com/c/Accountant-Iv-:-22-22194-Banking-Jobs-|-Bank-Careers/Job/Engineering-Sr-Analyst/-in-Saint-Paul,MN?jid=a20020be754a7f4c",Accountant Iv #: 22-22194 - Banking Jobs | Bank Careers,2024-01-25T08:00:00Z,,a20020be754a7f4c,2024-02-04T08:13:22Z
Senior IT Business Analyst,Remote,$86K - $115K / yr,Contractor,"https://www.ziprecruiter.com/c/Resource-Informatics-Group/Job/Senior-IT-Business-Analyst/-in-Remote,OR?jid=e4ae004eb25f2a28",Resource Informatics Group,2023-11-06T08:00:00Z,,e4ae004eb25f2a28,2024-02-04T08:13:22Z
Two Openings - 24 Months Contract - Healthcare Business Analyst with SQL Database experience and BA/,Oakland,$0 / ,Contractor,"https://www.ziprecruiter.com/c/Resource-Informatics-Group-Inc/Job/Two-Openings-24-Months-Contract-Healthcare-Business-Analyst-with-SQL-Database-experience-and-BA-/-in-Oakland,CA?jid=ee7706c10fc46bd4",Resource Informatics Group Inc,2022-09-06T22:45:31Z,,ee7706c10fc46bd4,2024-02-04T08:13:22Z
Compensation Analyst,Denver,$0 / ,Contractor,"https://www.ziprecruiter.com/c/Crescens-Inc./Job/Compensation-Analyst/-in-Denver,CO?jid=fbd5874f1eba67f9",Crescens Inc.,2023-08-25T07:00:00Z,remote,fbd5874f1eba67f9,2024-02-04T08:13:22Z
Scaled Abuse Operations Data Analyst - Arabic,Sunnyvale,$0 / ,Contractor,"https://www.ziprecruiter.com/c/BCforward/Job/Scaled-Abuse-Operations-Data-Analyst-Arabic/-in-Sunnyvale,CA?jid=c714577bdce9656e",BCforward,2016-10-17T07:00:00Z,,c714577bdce9656e,2024-02-04T08:13:22Z
Senior QA Tech Analyst,Redwood City,$0 / ,Contractor,"https://www.ziprecruiter.com/c/Hatch/Job/Senior-QA-Tech-Analyst/-in-Redwood-City,CA?jid=69d4c3f24a6edfbc",Hatch,2024-01-31T08:00:00Z,,69d4c3f24a6edfbc,2024-02-04T08:13:22Z
Business Analyst Finance,Chicago,$0 / ,Contractor,"https://www.ziprecruiter.com/c/Resource-Logistics/Job/Business-Analyst-Finance/-in-Chicago,IL?jid=28de9a811ab399d2",Resource Logistics,2024-01-18T08:00:00Z,,28de9a811ab399d2,2024-02-04T08:13:22Z
Purchasing Analyst,Peoria,$24 - $26 / hr,Contractor,"https://www.ziprecruiter.com/c/Epitec/Job/Purchasing-Analyst/-in-Peoria,IL?jid=812510bed15296c9",Epitec,2024-01-17T17:14:43Z,,812510bed15296c9,2024-02-04T08:13:32Z
Operations Analyst,Deerfield,$23 - $27 / hr,Contractor,"https://www.ziprecruiter.com/c/Epitec/Job/Operations-Analyst/-in-Deerfield,IL?jid=949d2a4d5a8e7c1f",Epitec,2024-01-25T13:33:08Z,,949d2a4d5a8e7c1f,2024-02-04T08:13:32Z
Sr. Business Systems Analyst/Product Owner,Los Angeles,$66 - $85 / hr,Contractor,"https://www.ziprecruiter.com/c/Strategic-Resource-Partners,-Inc./Job/Sr.-Business-Systems-Analyst-Product-Owner/-in-Los-Angeles,CA?jid=4b2d570bea024bfe","Strategic Resource Partners, Inc.",2024-02-03T03:15:59Z,remote,4b2d570bea024bfe,2024-02-04T08:13:32Z
Business Analyst,Honolulu,$40K - $50K / yr,Contractor,"https://www.ziprecruiter.com/c/TEKsystems/Job/Business-Analyst/-in-Honolulu,HI?jid=124e67addab0db77",TEKsystems,2020-10-09T06:55:58Z,,124e67addab0db77,2024-02-04T08:13:32Z
Help Desk Analyst (POS),Huntington Beach,$21.75 - $29.50 / hr,Contractor,"https://www.ziprecruiter.com/c/Ledgent-Technology/Job/Help-Desk-Analyst-(POS)/-in-Huntington-Beach,CA?jid=6bd68f6076ad414b",Ledgent Technology,2024-01-09T21:19:09Z,,6bd68f6076ad414b,2024-02-04T08:13:32Z
Compensation Analyst,Newport News,$26.05 - $30.64 / hr,Contractor,"https://www.ziprecruiter.com/c/Chipton-Ross-Inc./Job/Compensation-Analyst/-in-Newport-News,VA?jid=043489b1a4870f51",Chipton Ross Inc.,2024-01-23T15:49:01Z,,043489b1a4870f51,2024-02-04T08:13:32Z
Business Analyst,Remote,$45 - $50 / hr,Contractor,"https://www.ziprecruiter.com/c/Capitol-Advisors-on-Technology/Job/Business-Analyst/-in-Remote,OR?jid=a33417ef54df20ea",Capitol Advisors on Technology,2024-01-26T20:38:05Z,,a33417ef54df20ea,2024-02-04T08:13:32Z
BSA TM Analyst,Los Angeles,$25 - $35 / hr,Contractor,https://www.kforce.com/Jobs/job.aspx?job=1696~WQG~2100145T1~99&id=2463&utm_&utm_medium=JobBoardPPC&utm_campaign=ZipRecruiter,Kforce Inc.,2024-01-29T18:28:45Z,,,2024-02-04T08:13:32Z
Sr Accountant,Santa Ana,$37 - $38 / hr,Contractor,"https://www.ziprecruiter.com/c/Partners-Personnel/Job/Sr-Accountant/-in-Santa-Ana,CA?jid=f0b1944996929504",Partners Personnel,2024-01-16T00:22:21Z,,f0b1944996929504,2024-02-04T08:13:32Z
Revenue Cycle Business Analyst,Nashville,$25 - $30 / hr,Contractor,"https://www.ziprecruiter.com/c/Insight-Global-Healthcare/Job/Revenue-Cycle-Business-Analyst/-in-Nashville,TN?jid=1bc56728126896f3",Insight Global Healthcare,2024-01-22T15:10:16Z,,1bc56728126896f3,2024-02-04T08:13:32Z
Billing Analyst,San Diego,$28.50 - $34.50 / hr,Contractor,"https://www.ziprecruiter.com/c/Insight-Global/Job/Billing-Analyst/-in-San-Diego,CA?jid=0f89a00abb64a1fc",Insight Global,2024-02-01T16:45:09Z,,0f89a00abb64a1fc,2024-02-04T08:13:32Z
Business Analyst,Torrance,$50 - $70 / hr,Contractor,"https://www.ziprecruiter.com/c/Tentek,-Inc./Job/Business-Analyst/-in-Torrance,CA?jid=10440c44434e55eb","Tentek, Inc.",2024-01-17T20:11:51Z,remote,10440c44434e55eb,2024-02-04T08:13:32Z
Sales Operations Analyst,Lehi,$30 - $34 / hr,Contractor,"https://www.ziprecruiter.com/c/SGA/Job/Sales-Operations-Analyst/-in-Lehi,UT?jid=8960f7eccffa6169",SGA,2023-06-16T21:42:43Z,,8960f7eccffa6169,2024-02-04T08:13:32Z
Business Operations Analyst,Newark,$42 - $48 / hr,Contractor,"https://www.ziprecruiter.com/c/OPTION-1-STAFFING-SERVICES,-INC.-AN-AWARD-WINNING-AGENCY/Job/Business-Operations-Analyst/-in-Newark,CA?jid=8ee3cdf5cd272340","OPTION 1 STAFFING SERVICES, INC. AN AWARD WINNING AGENCY",2024-01-23T20:20:45Z,,8ee3cdf5cd272340,2024-02-04T08:13:32Z
Financial Analyst I,Springfield,$29 - $30 / hr,Contractor,"https://www.ziprecruiter.com/c/Volt/Job/Financial-Analyst-I/-in-Springfield,MI?jid=54365e92b632bb2a",Volt,2024-02-01T15:34:08Z,,54365e92b632bb2a,2024-02-04T08:13:32Z
GIS Business Analyst - Synergi,Los Angeles,$50 - $80 / hr,Contractor,"https://www.ziprecruiter.com/c/Confidential/Job/GIS-Business-Analyst-Synergi/-in-Los-Angeles,CA?jid=557f06bce9a4a1da",Confidential,2023-11-16T20:54:09Z,,557f06bce9a4a1da,2024-02-04T08:13:32Z
Business Systems Analyst/PM - Remote,Los Angeles,$65 - $85 / hr,Contractor,"https://www.ziprecruiter.com/c/Strategic-Resource-Partners,-Inc./Job/Business-Systems-Analyst-PM-Remote/-in-Los-Angeles,CA?jid=e990571fa6a342a6","Strategic Resource Partners, Inc.",2024-01-24T05:16:13Z,remote,e990571fa6a342a6,2024-02-04T08:13:32Z
Business Analyst 3,San Antonio,$35 - $37 / hr,Contractor,"https://www.ziprecruiter.com/c/LOD-Staffing/Job/Business-Analyst-3/-in-San-Antonio,TX?jid=31759c5a8a6e156a",LOD Staffing,2023-12-20T22:31:26Z,,31759c5a8a6e156a,2024-02-04T08:13:32Z
Business Systems Analyst/PM - Remote,Los Angeles,$65 - $85 / hr,Contractor,"https://www.ziprecruiter.com/c/Strategic-Resource-Partners,-Inc./Job/Business-Systems-Analyst-PM-Remote/-in-Los-Angeles,CA?jid=e990571fa6a342a6","Strategic Resource Partners, Inc.",2024-01-24T05:16:13Z,remote,e990571fa6a342a6,2024-02-04T08:13:36Z
GIS Business Analyst - Synergi,Los Angeles,$50 - $80 / hr,Contractor,"https://www.ziprecruiter.com/c/Confidential/Job/GIS-Business-Analyst-Synergi/-in-Los-Angeles,CA?jid=557f06bce9a4a1da",Confidential,2023-11-16T20:54:09Z,,557f06bce9a4a1da,2024-02-04T08:13:36Z
Manufacturing Engineer - PA,Archbald,$37 - $43.50 / hr,Contractor,"https://www.ziprecruiter.com/c/Chipton-Ross-Inc./Job/Manufacturing-Engineer-PA/-in-Archbald,PA?jid=b443b8d3f58cb88a",Chipton Ross Inc.,2024-01-16T19:10:05Z,,b443b8d3f58cb88a,2024-02-04T08:13:36Z
Business Analyst 3,San Antonio,$35 - $37 / hr,Contractor,"https://www.ziprecruiter.com/c/LOD-Staffing/Job/Business-Analyst-3/-in-San-Antonio,TX?jid=31759c5a8a6e156a",LOD Staffing,2023-12-20T22:31:26Z,,31759c5a8a6e156a,2024-02-04T08:13:36Z
FT Contract Opportunity | Business Systems Analyst | Remote,Redmond,$70K - $80K / yr,Contractor,"https://www.ziprecruiter.com/c/Lucid-Consulting-Group/Job/FT-Contract-Opportunity-|-Business-Systems-Analyst-|-Remote/-in-Redmond,WA?jid=1409600541874c64",Lucid Consulting Group,2023-12-30T14:35:33Z,remote,1409600541874c64,2024-02-04T08:13:36Z
Part Time Data Analyst,San Diego,$25 / hr,Contractor,"https://www.ziprecruiter.com/c/Insight-Global/Job/Part-Time-Data-Analyst/-in-San-Diego,CA?jid=7aa5c5f33907af00",Insight Global,2024-01-19T23:18:01Z,remote,7aa5c5f33907af00,2024-02-04T08:13:36Z
CISPUB/Pick Universe Developer,Poway,$120 / hr,Contractor,"https://www.ziprecruiter.com/c/Ledgent-Technology/Job/CISPUB-Pick-Universe-Developer/-in-Poway,CA?jid=b4875bcd848027f1",Ledgent Technology,2024-01-03T17:18:06Z,remote,b4875bcd848027f1,2024-02-04T08:13:36Z
Anaplan Certified Developer,San Jose,$55 - $67 / hr,Contractor,https://www.kforce.com/Jobs/job.aspx?job=1696~TVT~2100720T1~99&id=2463&utm_&utm_medium=JobBoardPPC&utm_campaign=ZipRecruiter,Kforce Inc.,2024-01-26T01:42:44Z,remote,,2024-02-04T08:13:36Z
Sr. Project Analyst,Newport Beach,$49 - $51 / hr,Contractor,"https://www.ziprecruiter.com/c/DB-HEALTHCARE-INC/Job/Sr.-Project-Analyst/-in-Newport-Beach,CA?jid=b8f38f3e28c5baf6",DB HEALTHCARE INC,2023-12-12T15:27:50Z,remote,b8f38f3e28c5baf6,2024-02-04T08:13:36Z
Sr Financial Analyst,Alameda,$45 - $52 / hr,Contractor,"https://www.ziprecruiter.com/c/Select-Source-International/Job/Sr-Financial-Analyst/-in-Alameda,CA?jid=cf0e3b8a78b624ce",Select Source International,2024-02-02T18:39:05Z,,cf0e3b8a78b624ce,2024-02-04T08:13:36Z
Business Systems Analyst,San Diego,$32 / hr,Contractor,"https://www.ziprecruiter.com/c/A.P.R.,-Inc.-(AlphaProTemps)/Job/Business-Systems-Analyst/-in-San-Diego,CA?jid=2d244d720e7c9bd4","A.P.R., Inc. (AlphaProTemps)",2024-01-26T01:14:58Z,,2d244d720e7c9bd4,2024-02-04T08:13:36Z
Technical Financial Analyst,San Francisco,$60 - $65 / hr,Contractor,"https://www.ziprecruiter.com/c/Veterans-Sourcing-Group/Job/Technical-Financial-Analyst/-in-San-Francisco,CA?jid=5a614627cbe51977",Veterans Sourcing Group,2024-02-02T23:46:57Z,remote,5a614627cbe51977,2024-02-04T08:13:36Z
Senior Business Analyst / Project Manager,Cerritos,$96K - $124K / yr,Contractor,"https://www.ziprecruiter.com/c/Illuminous-Enterprises-Inc/Job/Senior-Business-Analyst-Project-Manager/-in-Cerritos,CA?jid=85032037bd94afe7",Illuminous Enterprises Inc,2023-06-16T17:34:59Z,remote,85032037bd94afe7,2024-02-04T08:13:36Z
Senior Solutions Architect / Programmer Analyst- Hybrid,Alhambra,$70 - $75 / hr,Contractor,"https://www.ziprecruiter.com/c/The-Norland-Group/Job/Senior-Solutions-Architect-Programmer-Analyst-Hybrid/-in-Alhambra,CA?jid=7fa6d8caa2ca114d",The Norland Group,2024-01-31T20:29:33Z,,7fa6d8caa2ca114d,2024-02-04T08:13:36Z
SalesForce Business Systems Analyst (Marketing Cloud) - Partial Remote,Fountain Valley,$130K - $140K / yr,Contractor,"https://www.ziprecruiter.com/c/Silicon-Beach-Solutions/Job/SalesForce-Business-Systems-Analyst-(Marketing-Cloud)-Partial-Remote/-in-Fountain-Valley,CA?jid=37800dcdba26feb9",Silicon Beach Solutions,2023-11-01T17:17:26Z,,37800dcdba26feb9,2024-02-04T08:13:36Z
Senior ITQA Analyst,Remote,$30 - $35 / hr,Contractor,"https://www.ziprecruiter.com/c/Transcend-Business-Solutions/Job/Senior-ITQA-Analyst/-in-Remote,OR?jid=5c3e1a3bf0b49cab",Transcend Business Solutions,2023-11-27T15:33:06Z,remote,5c3e1a3bf0b49cab,2024-02-04T08:13:36Z
SAP PLM Analyst,San Francisco,$70 - $75 / hr,Contractor,"https://www.ziprecruiter.com/c/HARAMAIN-SYSTEMS-INC./Job/SAP-PLM-Analyst/-in-San-Francisco,CA?jid=53604bde30d399b5",HARAMAIN SYSTEMS INC.,2024-02-01T09:19:43Z,remote,53604bde30d399b5,2024-02-04T08:13:42Z
Material Coordinator,San Ramon,$30 - $33 / hr,Contractor,"https://www.ziprecruiter.com/c/KYYBA/Job/Material-Coordinator/-in-San-Ramon,CA?jid=e1661d9cc36d11f3",KYYBA,2024-01-22T15:37:32Z,,e1661d9cc36d11f3,2024-02-04T08:13:42Z
Media Support Analyst,Los Angeles,$16 / hr,Contractor,"https://www.ziprecruiter.com/c/Techlink-Systems/Job/Media-Support-Analyst/-in-Los-Angeles,CA?jid=4af3699c3acd4d44",Techlink Systems,2024-01-26T21:54:09Z,remote,4af3699c3acd4d44,2024-02-04T08:13:42Z
Data Analyst (Remote): 24-00008,Newport Beach,$58 - $63 / hr,Contractor,"https://www.ziprecruiter.com/c/Platinum-Resource-Group/Job/Data-Analyst-(Remote):-24-00008/-in-Newport-Beach,CA?jid=fb9316af637493be",Platinum Resource Group,2024-01-23T19:45:41Z,remote,fb9316af637493be,2024-02-04T08:13:42Z
Sr. Program Finance Analyst,Anaheim,$45 - $55 / hr,Contractor,"https://www.ziprecruiter.com/c/The-Norland-Group/Job/Sr.-Program-Finance-Analyst/-in-Anaheim,CA?jid=98cb4dd7ae063c80",The Norland Group,2024-01-30T23:08:38Z,,98cb4dd7ae063c80,2024-02-04T08:13:42Z
Supply Chain Analyst,San Ramon,$35 - $40 / hr,Contractor,"https://www.ziprecruiter.com/c/KYYBA/Job/Supply-Chain-Analyst/-in-San-Ramon,CA?jid=80e60452f267aeb8",KYYBA,2024-02-02T20:50:20Z,,80e60452f267aeb8,2024-02-04T08:13:42Z
Customer Care Coordinator,Redwood City,$25 - $27 / hr,Contractor,"https://www.ziprecruiter.com/c/Techdigital-Corporation/Job/Customer-Care-Coordinator/-in-Redwood-City,CA?jid=fd63685516bb8e62",Techdigital Corporation,2023-11-22T15:50:23Z,,fd63685516bb8e62,2024-02-04T08:13:42Z
Ultrasound Technologist Sonographer,Dover,"$2,474 / wk",Contractor,"https://www.ziprecruiter.com/c/Prolink/Job/Ultrasound-Technologist-Sonographer/-in-Dover,NH?jid=4e276eadbedc9e3d",Prolink,2023-12-29T18:23:55Z,,4e276eadbedc9e3d,2024-02-04T08:13:42Z
Senior IT Analyst,Los Angeles,$65 - $80 / hr,Contractor,"https://www.ziprecruiter.com/c/Harvest-Technical-Services,-Inc./Job/Senior-IT-Analyst/-in-Los-Angeles,CA?jid=0f046ab4301474e9","Harvest Technical Services, Inc.",2024-01-16T02:25:18Z,,0f046ab4301474e9,2024-02-04T08:13:42Z
14150309 - Product Owner (Identity & Access Management) P3,Burbank,$90 - $96 / hr,Contractor,"https://www.ziprecruiter.com/c/Akkodis/Job/14150309-Product-Owner-(Identity-&-Access-Management)-P3/-in-Burbank,CA?jid=411f69717322b502",Akkodis,2024-02-03T01:17:35Z,,411f69717322b502,2024-02-04T08:13:42Z
Tax Accountant/ Tax Accounting,Phoenix,$18 / hr,Contractor,"https://www.ziprecruiter.com/c/22nd-Century-Technologies-Inc.-(TSCTI)/Job/Tax-Accountant-Tax-Accounting/-in-Phoenix,AZ?jid=76aa198c453ddc3b",22nd Century Technologies Inc. (TSCTI),2024-01-31T17:27:32Z,,76aa198c453ddc3b,2024-02-04T08:13:42Z
Business Analyst,Oakland,$30 - $45 / hr,Contractor,"https://www.ziprecruiter.com/c/MetroSys/Job/Business-Analyst/-in-Oakland,CA?jid=168e6050ba7aff0d",MetroSys,2023-11-22T01:30:19Z,,168e6050ba7aff0d,2024-02-04T08:13:42Z
Music Royalties Analyst,Burbank,$37 / hr,Contractor,"https://www.ziprecruiter.com/c/Yoh,-A-Day-&-Zimmermann-Company/Job/Music-Royalties-Analyst/-in-Burbank,CA?jid=76cc260ef02e1eb8","Yoh, A Day & Zimmermann Company",2024-01-29T22:35:38Z,,76cc260ef02e1eb8,2024-02-04T08:13:42Z
Executive Assistant,Washington,$0 / ,Contractor,"https://www.ziprecruiter.com/c/Culture-Centered-Human-Resources/Job/Executive-Assistant/-in-Washington,DC?jid=d5aecb4e1f0c1f4d",Culture Centered Human Resources,2024-02-04T00:45:15Z,,d5aecb4e1f0c1f4d,2024-02-04T08:13:42Z
Business Intelligence Analyst,Long Beach,$90 - $105 / hr,Contractor,"https://www.ziprecruiter.com/c/KCG/Job/Business-Intelligence-Analyst/-in-Long-Beach,CA?jid=5566ce152a2e66cd",KCG,2024-02-01T17:14:30Z,,5566ce152a2e66cd,2024-02-04T08:13:42Z
PeopleSoft Analyst,Los Angeles,$48 - $57 / hr,Contractor,"https://www.ziprecruiter.com/c/Harvest-Technical-Services,-Inc./Job/PeopleSoft-Analyst/-in-Los-Angeles,CA?jid=abbb391a5d9831f1","Harvest Technical Services, Inc.",2023-09-21T22:49:04Z,,abbb391a5d9831f1,2024-02-04T08:13:42Z
Business Analyst,Remote,$0 / ,Contractor,"https://www.ziprecruiter.com/c/AppLab-Systems,-Inc./Job/Business-Analyst/-in-Remote,OR?jid=5c4d80ced10c9151","AppLab Systems, Inc.",2022-11-15T08:00:00Z,remote,5c4d80ced10c9151,2024-02-04T08:13:42Z
High Commission-Based B2B (SaaS) Sales Specialist,Los Angeles,$6K - $250K / yr,Contractor,"https://www.ziprecruiter.com/c/Kentro.io/Job/High-Commission-Based-B2B-(SaaS)-Sales-Specialist/-in-Los-Angeles,CA?jid=101914e2a856ec2b",Kentro.io,2024-01-31T22:27:45Z,remote,101914e2a856ec2b,2024-02-04T08:13:42Z
Business Analyst,Remote,$0 / ,Contractor,"https://www.ziprecruiter.com/c/Advansys/Job/Business-Analyst/-in-Remote,OR?jid=374bd3fccc38d2b9",Advansys,2021-04-21T07:00:00Z,remote,374bd3fccc38d2b9,2024-02-04T08:13:42Z
Marketing Business Analyst (Project Manager),Bellevue,$76.58 - $79.22 / hr,Contractor,"https://www.ziprecruiter.com/c/Intelliswift-Software-Inc/Job/Marketing-Business-Analyst-(Project-Manager)/-in-Bellevue,WA?jid=3b1860319896897c",Intelliswift Software Inc,2024-01-18T04:23:48Z,,3b1860319896897c,2024-02-04T08:13:45Z
Music Royalties Analyst,Burbank,$37 / hr,Contractor,"https://www.ziprecruiter.com/c/Yoh,-A-Day-&-Zimmermann-Company/Job/Music-Royalties-Analyst/-in-Burbank,CA?jid=76cc260ef02e1eb8","Yoh, A Day & Zimmermann Company",2024-01-29T22:35:38Z,,76cc260ef02e1eb8,2024-02-04T08:13:45Z
Business Analyst - III,San Francisco,$58 / hr,Contractor,"https://www.ziprecruiter.com/c/TechDigital-Corporation/Job/Business-Analyst-III/-in-San-Francisco,CA?jid=ff6d33c29826a7f0",TechDigital Corporation,2024-01-05T04:30:56Z,,ff6d33c29826a7f0,2024-02-04T08:13:45Z
"Senior Analyst, TV Abstracting",Burbank,$49.24 / hr,Contractor,"https://www.ziprecruiter.com/c/Yoh,-A-Day-&-Zimmermann-Company/Job/Senior-Analyst,-TV-Abstracting/-in-Burbank,CA?jid=fb59230c455cfa4b","Yoh, A Day & Zimmermann Company",2024-01-23T21:33:46Z,,fb59230c455cfa4b,2024-02-04T08:13:45Z
Business Analyst - Salesforce,Pleasanton,$52 - $69 / hr,Contractor,"https://www.ziprecruiter.com/c/Workday/Job/Business-Analyst-Salesforce/-in-Pleasanton,CA?jid=69116dee20941254",Workday,2024-01-23T03:33:01Z,,69116dee20941254,2024-02-04T08:13:45Z
Senior Business Analysis Consultant,Dallas,$55 - $65 / hr,Contractor,"https://www.ziprecruiter.com/c/Kaizen-Analytix/Job/Senior-Business-Analysis-Consultant/-in-Dallas,TX?jid=22492ff65b665d48",Kaizen Analytix,2024-01-29T08:00:00Z,,22492ff65b665d48,2024-02-04T08:13:45Z
US Workers Compensation Analyst - 1761614,San Francisco,$40 - $50 / hr,Contractor,"https://www.ziprecruiter.com/c/TCWGlobal/Job/US-Workers-Compensation-Analyst-1761614/-in-San-Francisco,CA?jid=d6fccf993e11676c",TCWGlobal,2024-01-20T03:28:38Z,remote,d6fccf993e11676c,2024-02-04T08:13:45Z
Business Analyst/ Short Term Remote - 1 month Contract,Remote,$0 / ,Contractor,"https://www.ziprecruiter.com/c/Suncap-Technology/Job/Business-Analyst-Short-Term-Remote-1-month-Contract/-in-Remote,OR?jid=67114b1b59bb06d3",Suncap Technology,2024-01-22T08:00:00Z,,67114b1b59bb06d3,2024-02-04T08:13:45Z
Sr. Demand Planning Analyst,Seattle,$0 / ,Contractor,"https://www.ziprecruiter.com/c/Pros2Plan-LLC,-a-Spinnaker-SCA-Subsidiary/Job/Sr.-Demand-Planning-Analyst/-in-Seattle,WA?jid=9b365d2aff235e60","Pros2Plan LLC, a Spinnaker SCA Subsidiary",2024-01-03T14:35:05Z,,9b365d2aff235e60,2024-02-04T08:13:45Z
Technical Business Analyst / Sr. Product Owner,Los Angeles,$57 - $63 / hr,Contractor,"https://www.ziprecruiter.com/c/iSpace-Inc./Job/Technical-Business-Analyst-Sr.-Product-Owner/-in-Los-Angeles,CA?jid=a1496ae3d906e319",iSpace Inc.,2023-12-14T04:27:04Z,remote,a1496ae3d906e319,2024-02-04T08:13:45Z
High Commission-Based B2B (SaaS) Sales Specialist,Los Angeles,$6K - $250K / yr,Contractor,"https://www.ziprecruiter.com/c/Kentro.io/Job/High-Commission-Based-B2B-(SaaS)-Sales-Specialist/-in-Los-Angeles,CA?jid=101914e2a856ec2b",Kentro.io,2024-01-31T22:27:45Z,remote,101914e2a856ec2b,2024-02-04T08:13:45Z
Helpdesk Support,Carson City,$30 - $36 / hr,Contractor,"https://www.ziprecruiter.com/c/Acro-Service-Corporation/Job/Helpdesk-Support/-in-Carson-City,NV?jid=18ff6601c312a3fc",Acro Service Corporation,2024-01-17T18:37:43Z,,18ff6601c312a3fc,2024-02-04T08:13:45Z
Life and Health Insurance Sales Agent - Remote,Sacramento,$60K - $90K / yr,Contractor,"https://www.ziprecruiter.com/c/Globe-Life:-AO/Job/Life-and-Health-Insurance-Sales-Agent-Remote/-in-Sacramento,CA?jid=a3afb53ff910ade8",Globe Life: AO,2024-02-03T13:52:09Z,remote,a3afb53ff910ade8,2024-02-04T08:13:45Z
Tax Accountant/ Tax Accounting,Phoenix,$18 / hr,Contractor,"https://www.ziprecruiter.com/c/22nd-Century-Technologies-Inc.-(TSCTI)/Job/Tax-Accountant-Tax-Accounting/-in-Phoenix,AZ?jid=76aa198c453ddc3b",22nd Century Technologies Inc. (TSCTI),2024-01-31T17:27:32Z,,76aa198c453ddc3b,2024-02-04T08:13:45Z
Salesforce Business System Analyst,Pleasanton,$50 - $66 / hr,Contractor,"https://www.ziprecruiter.com/c/Workday/Job/Salesforce-Business-System-Analyst/-in-Pleasanton,CA?jid=d78d0d351fc2e063",Workday,2023-09-23T10:46:28Z,,d78d0d351fc2e063,2024-02-04T08:13:45Z
Life Insurance Agent - Work from Home,Los Angeles,$60K - $90K / yr,Contractor,"https://www.ziprecruiter.com/c/Globe-Life:-AO/Job/Life-Insurance-Agent-Work-from-Home/-in-Los-Angeles,CA?jid=42c2c58f203f9f4e",Globe Life: AO,2024-02-03T13:40:53Z,remote,42c2c58f203f9f4e,2024-02-04T08:13:45Z
Business Analyst (W2),San Francisco,$33 / hr,Contractor,"https://www.ziprecruiter.com/c/Ask-IT-consulting/Job/Business-Analyst-(W2)/-in-San-Francisco,CA?jid=402d096f9bdbdf78",Ask IT consulting,2017-08-30T07:00:00Z,,402d096f9bdbdf78,2024-02-04T08:13:45Z
Manufacturing Engineer II,Davenport,$69K - $89K / yr,Contractor,"https://www.ziprecruiter.com/c/Volt/Job/Manufacturing-Engineer-II/-in-Davenport,IA?jid=7c20e8bf12d51fe4",Volt,2024-01-22T16:21:45Z,,7c20e8bf12d51fe4,2024-02-04T08:13:45Z
Artificial Intelligence Engineer w/ Azure Cognitive Services Exp | Rem,Remote,$70 - $80 / hr,Contractor,"https://www.ziprecruiter.com/c/Genius-Business-Solutions-Inc./Job/Artificial-Intelligence-Engineer-w-Azure-Cognitive-Services-Exp-|-Rem/-in-Remote,OR?jid=240ea29c0ee49988",Genius Business Solutions Inc.,2023-12-15T20:41:02Z,remote,240ea29c0ee49988,2024-02-04T08:13:45Z
Technical Business Analyst / Sr. Product Owner,Los Angeles,$57 - $63 / hr,Contractor,"https://www.ziprecruiter.com/c/iSpace-Inc./Job/Technical-Business-Analyst-Sr.-Product-Owner/-in-Los-Angeles,CA?jid=a1496ae3d906e319",iSpace Inc.,2023-12-14T04:27:04Z,remote,a1496ae3d906e319,2024-02-04T08:13:49Z
Sr. Demand Planning Analyst,Seattle,$0 / ,Contractor,"https://www.ziprecruiter.com/c/Pros2Plan-LLC,-a-Spinnaker-SCA-Subsidiary/Job/Sr.-Demand-Planning-Analyst/-in-Seattle,WA?jid=9b365d2aff235e60","Pros2Plan LLC, a Spinnaker SCA Subsidiary",2024-01-03T14:35:05Z,,9b365d2aff235e60,2024-02-04T08:13:49Z
Labware LIMS Aministrator - W2 Only (SK54907-1),Bothell,$53 - $63 / hr,Contractor,"https://www.ziprecruiter.com/c/TechData-Service-Company-LLC/Job/Labware-LIMS-Aministrator-W2-Only-(SK54907-1)/-in-Bothell,WA?jid=1b465acfc2bf4b43",TechData Service Company LLC,2023-12-19T17:09:57Z,,1b465acfc2bf4b43,2024-02-04T08:13:49Z
Salesforce Business System Analyst,Pleasanton,$50 - $66 / hr,Contractor,"https://www.ziprecruiter.com/c/Workday/Job/Salesforce-Business-System-Analyst/-in-Pleasanton,CA?jid=d78d0d351fc2e063",Workday,2023-09-23T10:46:28Z,,d78d0d351fc2e063,2024-02-04T08:13:49Z
Manufacturing Engineering Technician,Simi Valley,$28 - $30 / hr,Contractor,"https://www.ziprecruiter.com/c/Amtec-Enterprise/Job/Manufacturing-Engineering-Technician/-in-Simi-Valley,CA?jid=3eac4d070fe04ba7",Amtec Enterprise,2024-01-17T16:33:37Z,,3eac4d070fe04ba7,2024-02-04T08:13:49Z
US Workers Compensation Analyst - 1761614,San Francisco,$40 - $50 / hr,Contractor,"https://www.ziprecruiter.com/c/TCWGlobal/Job/US-Workers-Compensation-Analyst-1761614/-in-San-Francisco,CA?jid=d6fccf993e11676c",TCWGlobal,2024-01-20T03:28:38Z,remote,d6fccf993e11676c,2024-02-04T08:13:49Z
Business Analyst,Albany,$0 / ,Contractor,"https://www.ziprecruiter.com/c/Elite-Enterprise-Resources/Job/Business-Analyst/-in-Albany,NY?jid=93607e0250c348be",Elite Enterprise Resources,2023-01-19T00:11:07Z,,93607e0250c348be,2024-02-04T08:13:49Z
Business Analyst (W2),San Francisco,$33 / hr,Contractor,"https://www.ziprecruiter.com/c/Ask-IT-consulting/Job/Business-Analyst-(W2)/-in-San-Francisco,CA?jid=402d096f9bdbdf78",Ask IT consulting,2017-08-30T07:00:00Z,,402d096f9bdbdf78,2024-02-04T08:13:49Z
Logistics Coordinator - Automotive Industry,Newark,$23 - $27 / hr,Contractor,"https://www.ziprecruiter.com/c/RGBSI/Job/Logistics-Coordinator-Automotive-Industry/-in-Newark,CA?jid=dc34f5c00381f98a",RGBSI,2024-02-02T17:13:51Z,,dc34f5c00381f98a,2024-02-04T08:13:49Z
Data/Information Analyst,Anchorage,$0 / ,Contractor,"https://www.ziprecruiter.com/c/OakTree-Staffing/Job/Data-Information-Analyst/-in-Anchorage,AK?jid=2370d5c110a0f541",OakTree Staffing,2024-01-10T19:49:35Z,,2370d5c110a0f541,2024-02-04T08:13:49Z
Test Lab Equipment Operator,Sunnyvale,$25 - $29 / hr,Contractor,"https://www.ziprecruiter.com/c/Zolon-Tech/Job/Test-Lab-Equipment-Operator/-in-Sunnyvale,CA?jid=2621e3442993aa02",Zolon Tech,2024-02-02T14:29:51Z,,2621e3442993aa02,2024-02-04T08:13:49Z
Business Analyst (41431),Phoenix,$0 / ,Contractor,"https://www.ziprecruiter.com/c/IDEALFORCE-LLC/Job/Business-Analyst-(41431)/-in-Phoenix,AZ?jid=cfa5221e49b6d5fb",IDEALFORCE LLC,2016-07-08T07:00:00Z,,cfa5221e49b6d5fb,2024-02-04T08:13:49Z
Business Analyst Co-op,Vancouver,$0 / ,Contractor,"https://www.ziprecruiter.com/c/Teck-Resources-Limited/Job/Business-Analyst-Co-op/-in-Vancouver,WA?jid=0a77211387d630b4",Teck Resources Limited,2024-01-31T08:00:00Z,,0a77211387d630b4,2024-02-04T08:13:49Z
ServiceNow BSA,Culver City,$65 - $85 / hr,Contractor,"https://www.ziprecruiter.com/c/Tentek,-Inc./Job/ServiceNow-BSA/-in-Culver-City,CA?jid=bb76f624838a1231","Tentek, Inc.",2024-01-05T04:51:49Z,,bb76f624838a1231,2024-02-04T08:13:49Z
"Business Analyst, SAP PLM Registration",San Mateo,$0 / ,Contractor,"https://www.ziprecruiter.com/c/I.T.-Solutions/Job/Business-Analyst,-SAP-PLM-Registration/-in-San-Mateo,CA?jid=8c086d82e44eabf9",I.T. Solutions,2024-01-29T08:00:00Z,,8c086d82e44eabf9,2024-02-04T08:13:49Z
Life Insurance Agent - Work from Home,Los Angeles,$60K - $90K / yr,Contractor,"https://www.ziprecruiter.com/c/Globe-Life:-AO/Job/Life-Insurance-Agent-Work-from-Home/-in-Los-Angeles,CA?jid=42c2c58f203f9f4e",Globe Life: AO,2024-02-03T13:40:53Z,remote,42c2c58f203f9f4e,2024-02-04T08:13:49Z
Senior Project Analyst,Newport Beach,$45 - $55 / hr,Contractor,"https://www.ziprecruiter.com/c/Peregrine-Team/Job/Senior-Project-Analyst/-in-Newport-Beach,CA?jid=696046f07b3f513b",Peregrine Team,2024-01-12T04:08:22Z,,696046f07b3f513b,2024-02-04T08:13:49Z
Business Analyst with OSS,Addison,$0 / ,Contractor,"https://www.ziprecruiter.com/c/Manual-Tester-Monterrey-empleos-en-mexico/Job/Business-Analyst-with-OSS/-in-Addison,TX?jid=9e7417dd1c1f88cc",Manual Tester - Monterrey - empleos en mexico,2023-05-01T07:00:00Z,,9e7417dd1c1f88cc,2024-02-04T08:13:49Z
Telecom Business Analyst With BSS,Addison,$0 / ,Contractor,"https://www.ziprecruiter.com/c/Abode-TechZone/Job/Telecom-Business-Analyst-With-BSS/-in-Addison,TX?jid=cfbc74b708dc4787",Abode TechZone,2023-05-15T07:00:00Z,remote,cfbc74b708dc4787,2024-02-04T08:13:49Z
Business Analyst with PM & Leadership skills,Remote,$0 / ,Contractor,"https://www.ziprecruiter.com/c/AppLab-Systems,-Inc./Job/Business-Analyst-with-PM-&-Leadership-skills/-in-Remote,OR?jid=bb1ea7e7df1170cd","AppLab Systems, Inc.",2022-10-12T07:00:00Z,remote,bb1ea7e7df1170cd,2024-02-04T08:13:53Z
Business Analyst,Oakland,$52 - $60 / hr,Contractor,"https://www.ziprecruiter.com/c/Global-Technical-Talent/Job/Business-Analyst/-in-Oakland,CA?jid=aeccd330bca1fb72",Global Technical Talent,2024-01-16T08:00:00Z,,aeccd330bca1fb72,2024-02-04T08:13:53Z
"Business Analyst - IAM, Sailpoint, Saviynt",Los Angeles,$78.87 / hr,Contractor,"https://www.ziprecruiter.com/c/Intelliswift-Software-Inc/Job/Business-Analyst-IAM,-Sailpoint,-Saviynt/-in-Los-Angeles,CA?jid=35f4b88934f149cb",Intelliswift Software Inc,2023-11-07T22:23:16Z,,35f4b88934f149cb,2024-02-04T08:13:53Z
Business Analyst,Phoenix,$0 / ,Contractor,"https://www.ziprecruiter.com/c/Futrell-Solutions/Job/Business-Analyst/-in-Phoenix,AZ?jid=e860d67fda5b3ed3",Futrell Solutions,2015-02-03T08:00:00Z,,e860d67fda5b3ed3,2024-02-04T08:13:53Z
Business Analyst(33685),Phoenix,$0 / ,Contractor,"https://www.ziprecruiter.com/c/IDEALFORCE-LLC/Job/Business-Analyst(33685)/-in-Phoenix,AZ?jid=3cedadbd4cb5dfec",IDEALFORCE LLC,2015-04-13T07:00:00Z,,3cedadbd4cb5dfec,2024-02-04T08:13:53Z
Service Now Business Analyst,Seattle,$0 / ,Contractor,"https://www.ziprecruiter.com/c/Resource-Logistics/Job/Service-Now-Business-Analyst/-in-Seattle,WA?jid=00fbfb05fd940703",Resource Logistics,2024-01-26T08:00:00Z,,00fbfb05fd940703,2024-02-04T08:13:53Z
Wells Fargo - Loan IQ Business Analyst,Irving,$0 / ,Contractor,"https://www.ziprecruiter.com/c/Artech/Job/Wells-Fargo-Loan-IQ-Business-Analyst/-in-Irving,TX?jid=afcf949a890e26e3",Artech,2023-09-26T07:00:00Z,,afcf949a890e26e3,2024-02-04T08:13:53Z
Senior Accountant (Hybrid),San Rafael,$43.44 - $54.30 / hr,Contractor,"https://www.ziprecruiter.com/c/R&D-Partners/Job/Senior-Accountant-(Hybrid)/-in-San-Rafael,CA?jid=a983f752b768ac1d",R&D Partners,2024-01-23T23:26:52Z,,a983f752b768ac1d,2024-02-04T08:13:53Z
Business Analyst with Pricefx Experience - Remote,Alturas,$0 / ,Contractor,"https://www.ziprecruiter.com/c/Release-Manger-Project-Manager-The-Dignify-Solutions/Job/Business-Analyst-with-Pricefx-Experience-Remote/-in-Alturas,CA?jid=01abfa45551ee5b1",Release Manger/ Project Manager - The Dignify Solutions,2023-10-19T07:00:00Z,remote,01abfa45551ee5b1,2024-02-04T08:13:53Z
Independent Contractor - Tax Preparer,Denver,$18 - $30 / hr,Contractor,"https://www.ziprecruiter.com/c/RUE-Specialty-Services/Job/Independent-Contractor-Tax-Preparer/-in-Denver,CO?jid=629b255fed1e5829",RUE Specialty Services,2024-01-03T22:56:20Z,remote,629b255fed1e5829,2024-02-04T08:13:53Z
Business Analyst,Frisco,$0 / ,Contractor,"https://www.ziprecruiter.com/c/Micasa-Global/Job/Business-Analyst/-in-Frisco,TX?jid=57deb0b8c2701697",Micasa Global,2022-01-05T16:50:50Z,,57deb0b8c2701697,2024-02-04T08:13:53Z
Business Analyst - Systems Analyst,Las Vegas,$30 / hr,Contractor,"https://www.ziprecruiter.com/c/BCforward/Job/Business-Analyst-Systems-Analyst/-in-Las-Vegas,NV?jid=818ca4573dffc5a3",BCforward,2016-10-17T07:00:00Z,,818ca4573dffc5a3,2024-02-04T08:13:53Z
Industrial Engineer 3,Fremont,$50 - $60 / hr,Contractor,"https://www.ziprecruiter.com/c/Acara-Solutions/Job/Industrial-Engineer-3/-in-Fremont,CA?jid=95337f4c44c0df72",Acara Solutions,2023-05-18T19:51:35Z,,95337f4c44c0df72,2024-02-04T08:13:53Z
Business Analyst,Albany,$0 / ,Contractor,"https://www.ziprecruiter.com/c/Elite-Enterprise-Resources/Job/Business-Analyst/-in-Albany,NY?jid=93607e0250c348be",Elite Enterprise Resources,2023-01-19T00:11:07Z,,93607e0250c348be,2024-02-04T08:13:53Z
EDI Business Analyst,Denver,$0 / ,Contractor,"https://www.ziprecruiter.com/c/Quantix/Job/EDI-Business-Analyst/-in-Denver,CO?jid=632938c7f1ed2a82",Quantix,2017-01-19T08:00:00Z,,632938c7f1ed2a82,2024-02-04T08:13:53Z
Senior Business Analyst with P&C - 100% Remote,Waimanalo,$92K - $119K / yr,Contractor,"https://www.ziprecruiter.com/c/Release-Manger-Project-Manager-The-Dignify-Solutions/Job/Senior-Business-Analyst-with-P&C-100-Remote/-in-Waimanalo,HI?jid=8f018c1401b26718",Release Manger/ Project Manager - The Dignify Solutions,2023-08-25T07:00:00Z,remote,8f018c1401b26718,2024-02-04T08:13:53Z
Senior Tech LEAD and Application Designer,San Jose,$105K - $110K / yr,Contractor,"https://www.ziprecruiter.com/c/Online-Technical-Services/Job/Senior-Tech-LEAD-and-Application-Designer/-in-San-Jose,CA?jid=8bd15fcfbfce3844",Online Technical Services,2024-02-01T16:42:13Z,,8bd15fcfbfce3844,2024-02-04T08:13:53Z
Infrastructure Business Analyst Co-op,Vancouver,$0 / ,Contractor,"https://www.ziprecruiter.com/c/Teck-Resources-Limited/Job/Infrastructure-Business-Analyst-Co-op/-in-Vancouver,WA?jid=9b054d9007b8385b",Teck Resources Limited,2024-01-31T08:00:00Z,,9b054d9007b8385b,2024-02-04T08:13:53Z
Business Analyst,Irvine,$0 / ,Contractor,"https://www.ziprecruiter.com/c/Two95-International-Inc./Job/Business-Analyst/-in-Irvine,CA?jid=c2adb0870d2924f5",Two95 International Inc.,2018-09-20T22:37:52Z,,c2adb0870d2924f5,2024-02-04T08:13:53Z
Business Analyst,Mount Laurel,$40 - $45 / hr,Contractor,"https://www.ziprecruiter.com/c/Global-Technical-Talent/Job/Business-Analyst/-in-Mount-Laurel,NJ?jid=5f027562c6a710d5",Global Technical Talent,2024-01-09T10:24:15Z,,5f027562c6a710d5,2024-02-04T08:13:53Z
