Company,Salary,Date Posted,Title,Location,Job ID,Job Link,Job Type,Current date time (CST),Remote / Hybrid
ABC Therapy Inc,"$60,000.00 - $300,000.00 a Yearly",2024-02-09 T10:58:25Z,Board Certified Behavior Analyst (BCBA) or BCaBA,"Kendall, FL",74674cd7e9352f97,https://www.indeed.com/viewjob?jk=74674cd7e9352f97&from=vjs&tk=1hm7cskbnjktk800&viewtype=embedded&advn=3308298001597396&adid=378938908&ad=-6NYlbfkN0CFSkzqqgjrPwAqoblG3LrMmzARARi-eEW19YDhTqlvZuC3Zq5_WlxIGwDP86vxuEaiZNGUwiPcXL2DEhLRWRZaE2ZUmbrNKGRDqZkubCkJ7QfGxXr8hyt4A9AFBPkaQNeKnOgvBLdBmud3STrajZq37P5wM85UStcFm7wVLPnZYf5H6b4uD_gyx_qJoI8iERYK14KR4D3aIPT_RWUfpn2LiweNhHzDybMbWZvq1Qu2nEJ81lkwPunW3hlhPOP9RiXgh8WmMRFgb72WfJgbTIKnZizf38RJP-GqFCK2Ij7NtdJeZB9wjZ9KqLpcaJTz6Vht5u1s7gkKWOmharRcG76xz0aW6F_FdrF3Z63tx7wl6zuHmaizCoRxMX5HiDGxYOwZAQh0RaizFMMh0ODWbTco2Mjn6TZRGuvCG6uToumWa8YzQac10ayOHifx4_QFQZl0-qESm0sz1OvTJ9mEXqgBObwlQUt53mhuS5mgJt17hlplP7YWei9xQALKwiTgV8TGXc7RqkeOJc6r2G2dzH2fJWJwchwTG1y-OmtJbscsMqxs3S71PMiKg4PPaTrS8SwIbpyhnY10qfSgae_a07FrEPxDvYruSNsFxAhOHwgIaE96SQL5bLfPd2MpdA3EXd9rvQLaJnqchz9nTC1U6vSy6O1EdddfTBWJwAgHClRMbw%3D%3D&xkcb=SoBz6_M3EHR9VD2YIh0JbzkdCdPP&continueUrl=%2Fjobs%3Fsc%3D0kf%253Ajt%2528contract%2529%253B%26q%3DData%2BAnalyst%26page%3D0,Part-time,2024-02-09T10:58:25Z,Remote
Wahve,"$61,044.47 - $77,295.91 a Yearly",2024-02-09 T10:58:25Z,Data Analyst - Insurance - REMOTE,"Boston, MA",e2d1b8eb1205c47b,https://www.indeed.com/viewjob?jk=e2d1b8eb1205c47b&from=vjs&tk=1hm7cskbnjktk800&viewtype=embedded&advn=4852622368906859&adid=426083071&ad=-6NYlbfkN0BogWl1GsdK1FbuIrhx_stWWceYqLGaHxBUeSy2q42LAQkgcPqiRc75oNcfO9AVqTYelh5kLMxh4NbXGlVkUmK115VMizUa90a9tS0zyAmWP4F4NIeQg5fthflHhqVeamo5Y2xibaXIVbNN9uaOrIv2PR0aoSuRbz5tYTxSdpgACvQ1cnP7OYUtu6mQVOmxyCryRAekzN6RYrVbEWUyQYQVmqPmcVgzSmHKqvEOMSbl5OtNBow5Fju0z6qhOu9LBfLYmY8d3VM9yzk53eTjv0anreJGLqG88bI4kfyOUGSL_fLgiO64PlS5OIQro70EqqE44sm4CQpkbMLuZdaICIwkePZ8YQpsHONUzOKWpLRn_2YRwMLcbP5aaJA3273myIVh79Jx8MtCwfmyf5mLkmfxCDRPAiKjCw1g-TYsDs7wLxvg3qVL7WjL9SS4ywl9MNeloJp-QF6oPebz3-JUefusmWtSajob6hQ13SwGzqE_xb_J5OK4ACbLaST0Vr8uzu_Hc4yi8RhCJteUlphSwjnvpcSd16rFyv8LNnCOk85dBzl0zYhY97Gyhkd71IVRXsusTr-SIWJZFOlIWdMFc0BHO9tFdVyIAUE%3D&xkcb=SoDH6_M3EHR9VD2YIh0IbzkdCdPP&continueUrl=%2Fjobs%3Fsc%3D0kf%253Ajt%2528contract%2529%253B%26q%3DData%2BAnalyst%26page%3D0,Contract,2024-02-09T10:58:25Z,Remote
Adientone,$28.00 - $-1.00 a Hourly,2024-02-09 T10:58:25Z,Business Analyst/Business Technology Analyst/Food,Remote,fbefa0deb432ece3,https://www.indeed.com/viewjob?jk=fbefa0deb432ece3&from=vjs&tk=1hm7cskbnjktk800&viewtype=embedded&xkcb=SoC967M3EHR9VD2YIh0PbzkdCdPP&continueUrl=%2Fjobs%3Fsc%3D0kf%253Ajt%2528contract%2529%253B%26q%3DData%2BAnalyst%26page%3D0,Contract,2024-02-09T10:58:25Z,Remote
eTeam Inc,$65.00 - $70.00 a Hourly,2024-02-09 T10:58:25Z,Data Quality Analyst,"New York, NY 10036",e9e4bd287820ca57,https://www.indeed.com/viewjob?jk=e9e4bd287820ca57&from=vjs&tk=1hm7cskbnjktk800&viewtype=embedded&advn=4830468414473438&adid=419173268&ad=-6NYlbfkN0Dtmpfj98iB4C0jJJOWen3Era3IQfJzNZ4PFwBIKpo80CvlYmJYyffHihGtVpJSCDythw4kgdQ6FzsMP8CJawxncaOopjFMJ-6nd_48-dMa_D-Z4Z3RAkSZpfPvmXWFNEgH9alP072DOFgWJBPVMWzWnHq8oyfGg-DjL4ljD2n4iXjoN_BtFHlOzMR9-6PzyAuL64OrlZLRVoAKRQbW0VKkyhC_-GBLkSPYHyKW9MgFbkftEDNJ2v0qWwX7narYfErcuwdCC5BukaPVglrURNse43v3l5-RNgqHArzAAZBR-abmQSdlpo9g0tIOcsiVp8lTbmrvcF8gRx21YDvJLXaPqlkjtQq_U3c7D8Rf3SjkGH4Vruja-zQEed_FI16EUA3Po0Vnf2WjB-826w29SybJa9kt3Cd8dNCW2-tqn6CceZJ9jX5PtFfXhGGajq0zFEa8NZ-H1_GmInggH3JY_RsUZ3Xvg2Uzr44lWVPF5swNY8lQ7aGMOKIfYaoEIjkV-2P5Y53eBlDhCiKfBh6ltOHawA0ATGoHjmXYwWOtCGa1lXSPbVRinfQ_I3lZ9nZWhM1hzEwt9YDLOhZ5w-2H0sr6-ipqqclxH82tdpow-nj71OloaGbFPAYP8Ni1fQac3rQ%3D&xkcb=SoD96_M3EHR9VD2YIh0ObzkdCdPP&continueUrl=%2Fjobs%3Fsc%3D0kf%253Ajt%2528contract%2529%253B%26q%3DData%2BAnalyst%26page%3D0,Contract,2024-02-09T10:58:25Z,Remote
Wells Fargo,,2024-02-09 T10:58:25Z,Data Analyst (contract),"Charlotte, NC",82f1543c12a57ddf,https://www.indeed.com/viewjob?jk=82f1543c12a57ddf&from=vjs&tk=1hm7cskbnjktk800&viewtype=embedded&xkcb=SoCU67M3EHR9VD2YIh0NbzkdCdPP&continueUrl=%2Fjobs%3Fsc%3D0kf%253Ajt%2528contract%2529%253B%26q%3DData%2BAnalyst%26page%3D0,Contract,2024-02-09T10:58:25Z,Remote
"Intelliswift Software, Inc.",$0.00 - $65.93 a Hourly,2024-02-09 T10:58:25Z,Business Analyst - Remote (PST Hours),"Woodland Hills, CA",a43208403dace03f,https://www.indeed.com/viewjob?jk=a43208403dace03f&from=vjs&tk=1hm7cskbnjktk800&viewtype=embedded&xkcb=SoAg67M3EHR9VD2YIh0MbzkdCdPP&continueUrl=%2Fjobs%3Fsc%3D0kf%253Ajt%2528contract%2529%253B%26q%3DData%2BAnalyst%26page%3D0,Contract,2024-02-09T10:58:25Z,Remote
One Better Home Care,"$70,000.00 - $87,000.00 a Yearly",2024-02-09 T10:58:25Z,Healthcare Business Analyst,Remote,e7fe391cd18a31f1,https://www.indeed.com/viewjob?jk=e7fe391cd18a31f1&from=vjs&tk=1hm7cskbnjktk800&viewtype=embedded&xkcb=SoDJ67M3EHR9VD2YIh0DbzkdCdPP&continueUrl=%2Fjobs%3Fsc%3D0kf%253Ajt%2528contract%2529%253B%26q%3DData%2BAnalyst%26page%3D0,Part-time,2024-02-09T10:58:25Z,Remote
"Info Origin, Inc.",$0.00 - $60.00 a Hourly,2024-02-09 T10:58:25Z,Business Analyst,"East Lansing, MI 48823",11d1b9ed5d9a1606,https://www.indeed.com/viewjob?jk=11d1b9ed5d9a1606&from=vjs&tk=1hm7cskbnjktk800&viewtype=embedded&xkcb=SoB967M3EHR9VD2YIh0CbzkdCdPP&continueUrl=%2Fjobs%3Fsc%3D0kf%253Ajt%2528contract%2529%253B%26q%3DData%2BAnalyst%26page%3D0,Contract,2024-02-09T10:58:25Z,Remote
Dynamic Enterprise Solutions,"$51,132.83 - $64,745.56 a Yearly",2024-02-09 T10:58:25Z,Data Analyst,"Waukegan, IL",823400d941bf19d8,https://www.indeed.com/viewjob?jk=823400d941bf19d8&from=vjs&tk=1hm7cskbnjktk800&viewtype=embedded&xkcb=SoDg67M3EHR9VD2YIh0BbzkdCdPP&continueUrl=%2Fjobs%3Fsc%3D0kf%253Ajt%2528contract%2529%253B%26q%3DData%2BAnalyst%26page%3D0,Contract,2024-02-09T10:58:25Z,Remote
Upen Group Inc,"$40,000.00 - $63,725.50 a Yearly",2024-02-09 T10:58:25Z,Junior Business Analyst,"Irving, TX 75038",bd1dc167b8fa8805,https://www.indeed.com/viewjob?jk=bd1dc167b8fa8805&from=vjs&tk=1hm7cskbnjktk800&viewtype=embedded&xkcb=SoBU67M3EHR9VD2YIh0AbzkdCdPP&continueUrl=%2Fjobs%3Fsc%3D0kf%253Ajt%2528contract%2529%253B%26q%3DData%2BAnalyst%26page%3D0,Contract,2024-02-09T10:58:25Z,Remote
Innova Solutions,$50.00 - $52.00 a Hourly,2024-02-09 T10:58:25Z,"Pega Business Analyst- Local to Newark , DE","Newark, DE 19713",4f361f7a02476df9,https://www.indeed.com/viewjob?jk=4f361f7a02476df9&from=vjs&tk=1hm7cskbnjktk800&viewtype=embedded&xkcb=SoBu67M3EHR9VD2YIh0GbzkdCdPP&continueUrl=%2Fjobs%3Fsc%3D0kf%253Ajt%2528contract%2529%253B%26q%3DData%2BAnalyst%26page%3D0,Contract,2024-02-09T10:58:25Z,Remote
Nepstaff,$70.00 - $75.00 a Hourly,2024-02-09 T10:58:25Z,Business Analyst,"Jackson, MS",e0904c14163599af,https://www.indeed.com/viewjob?jk=e0904c14163599af&from=vjs&tk=1hm7cskbnjktk800&viewtype=embedded&xkcb=SoDz67M3EHR9VD2YIh0FbzkdCdPP&continueUrl=%2Fjobs%3Fsc%3D0kf%253Ajt%2528contract%2529%253B%26q%3DData%2BAnalyst%26page%3D0,Contract,2024-02-09T10:58:25Z,Remote
Leadstack Inc,$40.00 - $50.00 a Hourly,2024-02-09 T10:58:25Z,Data Analyst,"Sunnyvale, CA 94086",131a8b1b111eff14,https://www.indeed.com/viewjob?jk=131a8b1b111eff14&from=vjs&tk=1hm7cskbnjktk800&viewtype=embedded&xkcb=SoBH67M3EHR9VD2YIh0EbzkdCdPP&continueUrl=%2Fjobs%3Fsc%3D0kf%253Ajt%2528contract%2529%253B%26q%3DData%2BAnalyst%26page%3D0,Contract,2024-02-09T10:58:25Z,Remote
Kforce,$25.00 - $30.00 a Hourly,2024-02-09 T10:58:25Z,Business Analyst Associate,"Miami, FL",181848f7f783c526,https://www.indeed.com/viewjob?jk=181848f7f783c526&from=vjs&tk=1hm7cskbnjktk800&viewtype=embedded&advn=253019782202538&adid=380630471&ad=-6NYlbfkN0C5IatSLh_Ak1q39eQQoPIxD737RW9NeiYGvIRXkrLjEBkC4LI6KweF8V4ozHZ8DEZrsr6ZIZlbKUjx7VDL7YS77HIrc8l7goIiiA2DHeP8fLJWVLNp4RtumMYgu8UhnusZieBdYiGEOTlUY1SpYzFix8-7wtNSf1DNty9zqLf6mj_vM5BAO49mzciDTSZro-E67R2zdRy3IXw8MtpLU_zYiweSwJQvtjBvMeRIGDK8EzU6rqNyp9CpQK0JY6keb_xjU5oXnpQldaAnaPdysaSED3aLaUumYgupTuYIkRQMrCDKwsmu60yu5jbCXET_oYZ3sEAuzhFcZ74jHEaCJMg-4_tZNhOwz_aB3E3K0Xv04K5KrQ4sWkQq9uklnmLqgo56u1LaCsIbwTk4-uyngnQxEOvqfwfYeFSzkTQzaI8aGkFK5QXgPo-C2b7JukBNCtctzqhd7YbtoXvd70rLK0qOQt1ZI3i6hXWIDb7RfhZf6uuQGG6q01WtltY3C4J_YzL9ZxC1risOKWfI9Qe6B8qEwE2_tivB3foUhYPAI44-aG7aIXZzidfbNqk-OOj1MuTQD6vH_d_Pvs-89S-fhegCQZbd9gyknPVJ4EDK07R44boSiJVd1Aak2DZ9ziDZSje5M3YeKiflMlCYCDOYExB1vQeEUU226mP6XN-CbXg7hifzwCr2o4gRn1l5L4W-7O4a-mVH4XGpKt00eFFMUMmis-PBnMfVzKdAV2amOwfw8w%3D%3D&xkcb=SoCU6_M3EHR9VD2YIh0bbzkdCdPP&continueUrl=%2Fjobs%3Fsc%3D0kf%253Ajt%2528contract%2529%253B%26q%3DData%2BAnalyst%26page%3D0,Contract,2024-02-09T10:58:25Z,Remote
Cook Systems,$45.00 - $50.00 a Hourly,2024-02-09 T10:58:30Z,Business Analyst,"Cordova, TN 38016",de242a3eb77f92fe,https://www.indeed.com/viewjob?jk=de242a3eb77f92fe&from=vjs&tk=1hm7csp85jgbr803&viewtype=embedded&advn=8565127566377506&adid=420240583&ad=-6NYlbfkN0Dol3qkho9q2Ldnd41IPtvwkHch_6Mm1925HXTPO4n7I6yNxfqViyu2r5ZuWt2_-AYQzK7eYw_WpZkItVMQbU1w7wFipqlPfKffUsPKKp1P1jbBFY1t67mRWBb9q0E2vd3AtGyg-IIHOwQ2xiJ8bcAdYsivg5rLtiW5a0hazAahWPbgBjbPhwoV4UigFdWp67f1S8UfgYxLq7ss77VTwRNcClH-nyn4wXmDLa57pefOSSinauVNH0cxAYRXXN_JzxdH8ZeO47qeR4SprmvjGecMvdb1E2Habq_UAuHJcHmRSBLPvmdQCzy0vz0Ya-zl76zlAB7YQoDcLCu3JAlTCzbckGxB6mHfnViavSofMZQr4foFkgbSmk8AigpiPoku1kC_tS_o3bjnXSfWupNHFW5odriExhDW2An_K3lrw2VKII71lY9anEkIjanATnU-bIQxuSKIonFonq6Jk9JL_BTZhe9fL9TLB_8qHKSIj2cqs_0to9yk2c1a2gSTlZSYlTyWbFgMkGsCeV7O2vdkEPl4gp1ldyHAK-e228gQWLDPVMKBXegiFrkhCo8M5u4P0sPdsw4jhlsACK_M0Y8HOPWD5GSnBnCrBjpRAyW7GSR6lcBOBkQtquL6l01PP4Pu8qQ%3D&xkcb=SoD66_M3EHR88JQSBJ0KbzkdCdPP&continueUrl=%2Fjobs%3Fsc%3D0kf%253Ajt%2528contract%2529%253B%26q%3DData%2BAnalyst%26page%3D10,Contract,2024-02-09T10:58:30Z,Remote
The Forum Group,$0.00 - $35.00 a Hourly,2024-02-09 T10:58:30Z,Data Analyst,"New York, NY",f315fba2d5c50f57,https://www.indeed.com/viewjob?jk=f315fba2d5c50f57&from=vjs&tk=1hm7csp85jgbr803&viewtype=embedded&advn=1870696524930358&adid=420245123&ad=-6NYlbfkN0AZW6raguTt8GHJNwffK-e9Yxe4teW1POkxz1ehGu-7QsGbLYyoXqVy4FCxh_BimK57y4uruzfgzEb7JutGovJWA_o9em91KDxWf506J6kWAvghxxI5eYxqJEEpnArK-k04MqSbRfKY7t_aHnQnKjfrccgq2rin-AmXRIE6ypJ9LqaK56Sx8rCSvr3rD2eEcT_S_3TUNMof_zImIeE2ouPki0TDXlfz34nyNTPeMFf92NuFrYlzGSsO-cifs376dQ1fnssaMosk7gRMVULmdRBsTBPKSoEhpzeUI_kEtE2VGHnK-TZD0FT-aWkVjTr2Bptsi6929KzanhvZAVQKm5YrP-GM9uhDL99GL9jPSmf6AKoSJX7Ztn8zeRoEiSpwUAJCZYKyhXQSS7DnIVPNHVSvYelqFFTo0cY3ziOjaqKBts263Jwuifl8_XgZuZ1NmghxsG9ubNEIQHAJ6uJk0Ar4JLX3ds5UjRfagFdDM0a-XxYlyn7rTPOv0BKJNDL_4kuaeuFTWzf4Sh_1SvijstJxaHmqxQxzdCJFnrptMebF0GYq_upTvnhH-sh2FjUqstKh3uxau1ySgONJ3B7TkmAspmYgel_qUH1Ql5l6JaAj8kJIrtjaDES6&xkcb=SoDT6_M3EHR88JQSBJ0IbzkdCdPP&continueUrl=%2Fjobs%3Fsc%3D0kf%253Ajt%2528contract%2529%253B%26q%3DData%2BAnalyst%26page%3D10,Contract,2024-02-09T10:58:30Z,Remote
ektello,$28.00 - $33.00 a Hourly,2024-02-09 T10:58:30Z,Supply Chain Data Analyst,"Ridgefield Park, NJ 07660",4d997ad5c8ef8a4b,https://www.indeed.com/viewjob?jk=4d997ad5c8ef8a4b&from=vjs&tk=1hm7csp85jgbr803&viewtype=embedded&advn=3502908708565417&adid=395769661&ad=-6NYlbfkN0CLjQmfy67UqlWxJvyH5uxFrQGBFL1cdeZdgq-fUlKTlikjnfIyJ3g14UIocJ4LupHHolquRbf9PLQpcLnFTBHbzWn-B4dD_JeQSW8MaA3eGldNCGUSwhd4OlytXJe6hsm3prkSmMmUYNJLnEp3puR1RKccg7fugyayvp5Hds6MG2DDnvuwTPgJmqNSZNmwk7AysgZW7lfLF9bM38kow3zFTmHpnBCSa_sBnH8r3CF8Ox7xWF0p1gtbj0ekciuArbQESHWX7PWJCOoum3uj7TvDO5jy-KsdQXInWnpUIW1kJSGRPBTZ1W7gXqqMEvZUIOmh_vxYzpfm1437916-3eTNFz5SRDBJn8_oUsC6Bb6y4-mW3-4YJIr2n0SgnZ6ZBUWNW6gGDeexCawgAtJ8s6zTLOooy78EadzDmgzeCez2P8Y_G8dkrQjx5sW64dF30z-ZX8NbFrCf91q6-vUJtZdl2GDn25El-7RHSZ_rOxQj_eMrYmU6LkvahS7ELUgzUBEIK4ypST_Xsmtfi9WbwL8RMbrDJ20DNXDzED2POsHeFwEnzDauKhRmF4xdZkjmcR6M-7e_jmulGqSWVi-V1TVZxzLU0cyrFEJDCrfrLwfqndIyHfwvRU5tTYhsdgayrE2NH_SkuAkeegWLhJH9CQt8zNQkOYC-KK9etd9V7G9T6f04eWaA8WyqfZdoQGJcX7QbR-kGfSMQ1fNwzNizuOR6uloHCHWaBkK703c2Ac_zYdTrsrLjDYue95cmFkarrRUYgouLvkE7DyhVwPeEEOB37v3kojd-Uhw%3D&xkcb=SoBd6_M3EHR88JQSBJ0PbzkdCdPP&continueUrl=%2Fjobs%3Fsc%3D0kf%253Ajt%2528contract%2529%253B%26q%3DData%2BAnalyst%26page%3D10,Contract,2024-02-09T10:58:30Z,Remote
Primary Talent Partners,$70.00 - $78.00 a Hourly,2024-02-09 T10:58:30Z,Supply Chain Data Analyst,"Houston, TX 77042",378c9e97f1f6251f,https://www.indeed.com/viewjob?jk=378c9e97f1f6251f&from=vjs&tk=1hm7csp85jgbr803&viewtype=embedded&advn=2017956363441820&adid=418886435&ad=-6NYlbfkN0DOCvLQenlXS7fh3AEEtPwhntZQnPW7UfiJ0vyM-Z38ZrwKnz1HfL1iRQygFt3CwR84C8g-apQzQzKk3nMkEAN8blzM3FHcEALQiJp0PpTnz6cOap5lLhrTt1XmA6_p5NQf8581Au1g-g33mBDjpbXD9eofj92xokSvE8gtbgm42hUDMf4jrfWhphMZ1aHrFVNY-4CPHzvi2236Zos6HFjCWN3W2es99yKQEmPmfL6UPMnDryTWzARBYEYGzkUdLfkgsAaiLXnJRMXLDJOaLcL_KAdXrEMvOxWKZcat3ffw7_sRFqWn0NDw2lHBuM53RIX5PcC8RQxg6-M_waUXPNmNh_R8ESGAbXf6r7KmmOYrfP6zyvyttUYvbk-W53BhWTcbtxmnN3mxh5DQPNRZBZhDQSIcQpYQoYaAQT78zFLi6JYoPyZDfQ4KKNiJXw8b03YyeHF6IZP3WfihXqSAfFAW3-WMnkmFyR-J6ak2M1d-XvMyNZwOLPAijk0QpHrAxxiaHP1ixSovTvglgXesMqeKnpBEr_FN5q5QkHLd5lQZD7tTDt3wDxyFVkmnglrSPRpVxBbC_QTV96ASMehI6g9OIi0c_zW97mMQj4zetLXRI16T9cK7a-v8vMkJ5nBBZTSsPxxUToTDsC6oYMyrUdlApK_EndLGht8HA4rs3yBXcSdS5nVnGU1JSrKUvL9DJ2Z91gkMxMmBv-IKSXCKsWsXL7y__Vt-UGk2RytzAATnpSj5s1x0tF0_1cZCBDVbttTYqJqkz8gX-tookzXM2_WOHM6KlIjr0HiDfARbliCVB4KFqPI45wx3qra1BlysCDj2nbdGpOlO1uDSh7rdalH4bc1YFC_lPVSOxDsFTtvYPi9lc9Ioz6FNc2JIkpaOGaKQ9l-5NhY9teLspzsPdGCy4VVuqnZyyAEpk86-GRLr4WNUmkBZsm9xVJIP2bO_ZcGgpHW7tsnPXxrnpy2We1mz3szcfkWYa6KwlUW5-4UNle3eypo1XFQhduDW4gIOEI34T1ZCtlopLj_uiieseGgyaVEs0CRfPTvlxKDdVKzt7JlxBPBRqtGdZ1qwIuTGHJqRITo0XB1b5HT5t1MmF5PlYAS8mWkxsGP1OeoYIQf3EGQAOWnidXFzjqD_jJofpRY%3D&xkcb=SoDA6_M3EHR88JQSBJ0MbzkdCdPP&continueUrl=%2Fjobs%3Fsc%3D0kf%253Ajt%2528contract%2529%253B%26q%3DData%2BAnalyst%26page%3D10,Contract,2024-02-09T10:58:30Z,Remote
Kforce,$55.00 - $70.00 a Hourly,2024-02-09 T10:58:30Z,Business Analyst,"Jacksonville, FL 32202",d551cb9de64baf55,https://www.indeed.com/viewjob?jk=d551cb9de64baf55&from=vjs&tk=1hm7csp85jgbr803&viewtype=embedded&advn=253019782202538&adid=380630471&ad=-6NYlbfkN0C5IatSLh_Ak1q39eQQoPIxD737RW9NeiYGvIRXkrLjEBkC4LI6KweF8V4ozHZ8DEaY0tCBUUFgiI1A3jcjWs4evT2xXfgjCgoiLkaN5SGcEWEQ-HWbc5VLjfkvdihi-OaTYNcLRnwyndI0FZaIlpyG3QOKnk0-EXCX4hBOG2LnOMoOuGb_M8SJvWeSOqV9mxVw0PxP0QZ8MgagYyBsW8Ixtm9a1EiAiMlCRkoZzLmq_NXRpLS25VqothOetKALmnZxo9wtQLGmD-CA2vy8d3SwYgdtDhSajmtaigEirCoWMyJ78kvlrb1hcX-uVSnreBdQZCMA1pj6pNU_vxS2mhO3H45sBYI7nDFRSIhA07UueHZLqIEg4EEIL51uIVI0AGHiu8_WL33bSMtrw39uwPepfCAMolcyOXdc6Ii8pOyUxr6s08oMNFYKhsFzReqxf3e1TYbSGlApnzK_kkn-gFalwVrl4XAcblE4k4B-ZryA0XQxPU4Xjztgu3VhAHKrBP23Hqs-otBurs58VStihjrDtx-Hn7qRgo_j9LclW78nHHpGj1zbIvQ8sXUCDlQLvy1vgS3DbWmtRTpTJGp7OXN553xsaL3PhBGuC5mXcnvmt0T4YBUiebq42bcMAWQn_9418g9Yy4G3MYsLqR8SS39bY73Z6ejP0Tm_7w_kkReFTwoQxY7gGdyXGlMhK_1VyCwDyv7zW7ZxWlfcH2ZSdFH6SjRSogtFlcc%3D&xkcb=SoAp6_M3EHR88JQSBJ0DbzkdCdPP&continueUrl=%2Fjobs%3Fsc%3D0kf%253Ajt%2528contract%2529%253B%26q%3DData%2BAnalyst%26page%3D10,Contract,2024-02-09T10:58:30Z,Remote
Cenergy International,$30.00 - $40.00 a Hourly,2024-02-09 T10:58:30Z,Laboratory Analyst,"Pasadena, TX",f5c0b009834f0991,https://www.indeed.com/viewjob?jk=f5c0b009834f0991&from=vjs&tk=1hm7csp85jgbr803&viewtype=embedded&advn=199561638269118&adid=411753429&ad=-6NYlbfkN0ATmQl8QC8MsPSUYtg6QcSsrNiCenr3UAJ1SEX3NO47gUKowLB905MKrRfS9l95pU9Qf1kaWbVbViCLqBFLcXabxily7EPpZRdiAa-dU7sWqfLdxUi4FZBFdLaoOE6IRq8n5_dalICSNh9wZFyXe7DBzyrtQrkqwA_e3_vH_rUFSrToW2wVzstbN-9kT61mC-hRlg0EUB9g9BGHfZ39Tri4x8TUIBQ55yzekl5guvp-6FoeIwGIA04JsV3iRIsnKcE6UwowI8EX3wuWE4hyMRMb6JKjSKKX99Ql7b-vq_2owXh4Eip7wvOsP_AnQye0PesCUounS8--BAlKZh_E7JNsXkc434LGMF7jtV-kKmtcNuZAcvUWomTvHraBw_Aj78HMGnetH6mtMqw_iUXV0p0D95-KeJNhciJtz0NyH25k7vewNuIPNSqT_XyoUA7XZ9DatkYO8zyJb9mzHwXgruTWGSit032vq2FA-VNqEGiGkfIydZU0e70OPGk8_YdYzIjGu-af9eJSM5axUZjPNDSflm6oLXFFvu_pQqhFhzXMMLEvnTtSv4w2aGyUHluhrhgqCZse7F_as62Y8k1WdJ5pvetaSL4vkpjwYcSPWrqf9Bx5Wnd3uyL3Sd4yr1tOQ9AIh0uOaKEy8Q%3D%3D&xkcb=SoAT6_M3EHR88JQSBJ0FbzkdCdPP&continueUrl=%2Fjobs%3Fsc%3D0kf%253Ajt%2528contract%2529%253B%26q%3DData%2BAnalyst%26page%3D10,Contract,2024-02-09T10:58:30Z,Remote
Express Employment Professionals,$0.00 - $33.00 a Hourly,2024-02-09 T10:58:35Z,Data Analyst,"Athens, TX",219102eb328492f0,https://www.indeed.com/viewjob?jk=219102eb328492f0&from=vjs&tk=1hm7csu8th0m3807&viewtype=embedded&advn=9424666732615476&adid=420242513&ad=-6NYlbfkN0DA9V7hTUFBam5a2PdHLQmb6ZnaP1x6h5xdwf0EJl5u7Y05SBg5PTO7JojMXatLIAq506hu9bYtSHduN5tKsfS1xuGhueqCH5wojouK5KW33suJUYcv70wJ_gprheBNwRLDNGsniscqMhMaZ9n4DSeihMvLPIy8JK6i0SRVPRiKdbR-o44y3m7epSyubpCAS8HFVMnvXf2Wo3-VcmeUBZNYFYL5ha_35lvgCVWxRtrCJaR9nKIJy7g9HuEXOV78PQzvCfFDXYK4wLsTmpzRhKINR53VgOOgHUxgTT5wrGtQWp4JwFZ7jo2k5Js1nyMmc371gDY4SU-diFn-DQrVhZEtX6t7_HVOnXAxtGh3BL8PAArcMh0vBYYOHagBnmIbVWF0BbkQrJ8cupmvMsk-20i2Bj5vWdulPAwO_1NL6hts6rl6cb5YANLBwlACKeXB3---z9HB4fl3hXfISl3Y-7UNgJcIjvKThzVVrplCXs5ipNEDgR20DaS26N-MLNjGsb_1ICWyOBpjyoKRMT6osREn5cnEoOrgOAKkFMPgRepssAJzxSQMmldNzvXceXuy5EPZII8E2Ok-gLs6GJ4xbKHLprLvABbq4QzJxGv1JBqQ6a-Gi8k322SE&xkcb=SoCB6_M3EHR8FwTs6J0JbzkdCdPP&continueUrl=%2Fjobs%3Fsc%3D0kf%253Ajt%2528contract%2529%253B%26q%3DData%2BAnalyst%26page%3D20,Contract,2024-02-09T10:58:35Z,Remote
Wells Fargo,,2024-02-09 T10:58:35Z,Data Management Analyst (contract),"Charlotte, NC",4497cc68f3351b47,https://www.indeed.com/viewjob?jk=4497cc68f3351b47&from=vjs&tk=1hm7csu8th0m3807&viewtype=embedded&xkcb=SoBm67M3EHR8FwTs6J0NbzkdCdPP&continueUrl=%2Fjobs%3Fsc%3D0kf%253Ajt%2528contract%2529%253B%26q%3DData%2BAnalyst%26page%3D20,Contract,2024-02-09T10:58:35Z,Remote
Realign LLC,"$33,839.81 - $42,848.74 a Yearly",2024-02-09 T10:58:35Z,Help Desk Analyst,"Dauphin County, PA",c5fe02b73ad6261d,https://www.indeed.com/viewjob?jk=c5fe02b73ad6261d&from=vjs&tk=1hm7csu8th0m3807&viewtype=embedded&xkcb=SoDS67M3EHR8FwTs6J0MbzkdCdPP&continueUrl=%2Fjobs%3Fsc%3D0kf%253Ajt%2528contract%2529%253B%26q%3DData%2BAnalyst%26page%3D20,Contract,2024-02-09T10:58:35Z,Remote
PCG INTERNATIONAL INC,"$63,494.07 - $80,397.63 a Yearly",2024-02-09 T10:58:35Z,Data Analyst,United States,3c525a2fb37462f3,https://www.indeed.com/viewjob?jk=3c525a2fb37462f3&from=vjs&tk=1hm7csu8th0m3807&viewtype=embedded&xkcb=SoA767M3EHR8FwTs6J0DbzkdCdPP&continueUrl=%2Fjobs%3Fsc%3D0kf%253Ajt%2528contract%2529%253B%26q%3DData%2BAnalyst%26page%3D20,Contract,2024-02-09T10:58:35Z,Remote
Wells Fargo,,2024-02-09 T10:58:35Z,Business Analyst (contract),"Charlotte, NC",3644cb65ced7114e,https://www.indeed.com/viewjob?jk=3644cb65ced7114e&from=vjs&tk=1hm7csu8th0m3807&viewtype=embedded&xkcb=SoAS67M3EHR8FwTs6J0BbzkdCdPP&continueUrl=%2Fjobs%3Fsc%3D0kf%253Ajt%2528contract%2529%253B%26q%3DData%2BAnalyst%26page%3D20,Contract,2024-02-09T10:58:35Z,Remote
"GTT, LLC",$52.00 - $60.00 a Hourly,2024-02-09 T10:58:35Z,Business Analyst,"Oakland, CA 94612",11d9c75db24d72ca,https://www.indeed.com/viewjob?jk=11d9c75db24d72ca&from=vjs&tk=1hm7csu8th0m3807&viewtype=embedded&advn=813268777041816&adid=416085447&ad=-6NYlbfkN0Ci6abQPzZtnlIzpaPsmGvPJW6fwVsgLRdzrRle_KK1bJRd15Dztc0DTMWy20-b8Oxy4ygJHPvPwFaxAwIGTarhL94iUy_OTfJGcGPuU2FxQTX1hxJjX4Wr2ElWsjbzC9m0AVZZRQKe1jCifRab-bqE2nNbO1HG59ecfpcO9RiQYEqtwUK6-rxxWVFXCm_SSmudCiaz2qpyggC2lv_1RVNY2O_JNbXk_qjqGnueTp6kBmG42usZHkFC7wCoCHzm7vpF57Dz4hKO5KI2ByET5GObtcBHWncXROln8rWDqSRBKSXU7-n-_rALqBHXwlOBruMJAhfRJVxJ8yj-6ehAkxd40MPI7FQpXiKypT4o5I17rQq1XKFyWw8QHUuDt3tg20-Cl1SZWGjJms3b4n9UG34F6TqlHJQ54EH0QsuO3eVerly-4uBfVWETpYPMcTlT6RtdPh4iZdMXk7FWS5eZUyGzFQMtQkXy_I5fXHdWVpS4GmNIeLB6H5H9gWcqOR3C-mun9GpPepwEfJjnanOwVVire-7pDTPJBBPu4SF7iXt-MvlN226jmKvrIWcFJ-o6SSAvJ-P5QUkP_VQl0mDJF9ce_zaW51UklOXK5g4kZCD89mMi2VLcfPzmOpxXYXzTyI7_OPSbfU1M5cQMqbvy4m3GHvs5l7bgCXR4IQrOCTviCld-zB1IZe7OOtLe42EllmnQOrzD88C9p1Lpt_ath9t_fAtd-L7isvmHFrss0hw764fEH2qDJNsydcfOC5ORFtNK0MHWtVfs1un1kC-tf6MEqzohVkrH8oT3aHdPeIkqlWZ18bLeOQaOT6XbS5rRjfgGucdMj7gFVUq3NQqB6BT8CY8djntMY19KTxbr-rK0UICY--iyHvKKb8IjIp7KcfGPU5Qu07unGTSp1Q5rBTgEIOqygi4SM4qA49tqy6T5y-2OTHy7Joa3D6y1NNIRvc0xgdZJwTp4SS43nIAR3n6K3XoIbvi8xE126MzXmPalGF3kcsLhUKa_DsytUyqHa_fxCcDgmGv-1qavpz3qVpZSuAkdh_7BaUgirSn4xccP6MB-2rajYq5sqrCbwK2Y3wqabIALlB4AlW5XtZNDSjxLS4Uhjdg8CbCVdynNaskNF91F3hDFZ02B&xkcb=SoBS6_M3EHR8FwTs6J0AbzkdCdPP&continueUrl=%2Fjobs%3Fsc%3D0kf%253Ajt%2528contract%2529%253B%26q%3DData%2BAnalyst%26page%3D20,Contract,2024-02-09T10:58:35Z,Remote
Ascending Billing Plus,$70.00 - $72.00 a Hourly,2024-02-09 T10:58:35Z,Board Certified Behavior Analyst (BCBA),"Hollywood, FL",16396b245567e5cd,https://www.indeed.com/viewjob?jk=16396b245567e5cd&from=vjs&tk=1hm7csu8th0m3807&viewtype=embedded&advn=5379978187435090&adid=425575474&ad=-6NYlbfkN0DRCb7d9MAb73gClGrUDIKPxVnriB7xZr0MIl_5sQOf9dZWQ9AWnSbzwBODBD-_pjDiiGr4H2ZUrSsI_Pbq1wQ_wnSHUp713-K2bI2FtyNo_VIh26pw4rmwNBBNvMR3pOr1MP-6alZyV6ek0uaSsbvvZhJWw5v7GENT8pS7O8pzhoioH6aVGJ7QTjGBQHlSyWPjD_HgdGZXaaZRuZDyt48kdffs9UpWm3TUjFlwxurjpj4fzqp5mHLuiENRPL7efb9lYUJMT5n5hHvaFgPQ0Zjs07GTKhQ4oWtLVI97qY9_j1Ie_jZ8sViJZ2GtQgOSGD2h3hyMx_0JlViAbT9LmpS6OcVf8TJDl-5BipCjYawKk88kyJF35qRAE97TMzitmjIMcS0_i0OmG4GCERo1o4htXnfqFwRm55XCP5MZ1n4Tnkj7tDQtSfXsqCQahtGNgGo2vg3Lg2ywqCC4lngB8VK96FKWgUu3tAWmmO6rD1ZKJ8l9Q9mHY7UfKf85gEY4C5hOjUPRQh9p8TlpaLo3s9BN-yQ8HybXMSlxOCHBr5Au_KTVLw9Voayjj0nrBTBQFeZJlS24WPPMroTZf1IYcz3vQaYOMm8jUed6cUygHpHad_6IEzOb8jz85HG0ryeG87A6bySwc-CvR38FskQh25DK&xkcb=SoDc6_M3EHR8FwTs6J0HbzkdCdPP&continueUrl=%2Fjobs%3Fsc%3D0kf%253Ajt%2528contract%2529%253B%26q%3DData%2BAnalyst%26page%3D20,Contract,2024-02-09T10:58:35Z,Remote
Dutech Systems,"$102,956.13 - $130,365.41 a Yearly",2024-02-09 T10:58:35Z,AWS Data Analyst,Texas,90f2ffa84e1cd44d,https://www.indeed.com/viewjob?jk=90f2ffa84e1cd44d&from=vjs&tk=1hm7csu8th0m3807&viewtype=embedded&xkcb=SoAB67M3EHR8FwTs6J0FbzkdCdPP&continueUrl=%2Fjobs%3Fsc%3D0kf%253Ajt%2528contract%2529%253B%26q%3DData%2BAnalyst%26page%3D20,Contract,2024-02-09T10:58:35Z,Remote
Matlen Silver,$50.00 - $56.00 a Hourly,2024-02-09 T10:58:40Z,Technicial Business Analyst,"Plano, TX",758235355607db56,https://www.indeed.com/viewjob?jk=758235355607db56&from=vjs&tk=1hm7ct33p2gam004&viewtype=embedded&advn=4135644983616158&adid=361236196&ad=-6NYlbfkN0ADTliTSg4K3aDxe8vkHVVj5ml6bx8ND6Ab8oliGx3AtQak9O875La2bFZ7Jqdg5u1dt0a2xI2MB9L11mpBul41zFZIPJrHieS9Ea4E2eQOcMaOwU_vxQwgrBvl_DuEoFcGZm5Yg6TCYOAkBA48gVnyzVuDRklJKpCQ69gCmdpTeA_4mX0ndXXkG2RaGfU1Us7bi3-skPy5XmocpjyQ--vunoV9kOPbq4ECjyL7q45V9T7dBBYEXTO_2Ruu4FZsl6sQQAjMrc4wqbDHB7IY7YGHmtncD11KicdKtsAN9Di_9XIwCuiut93hlqXRGsvLEmBFqieFlKctVueQkflpcxCzQ4wA9zZXpbHQGf41B0cY91aj-EBYbLmhz2ouTg3LSXLlnEyCW3qBw3iEo0MwSRm6QM7zo8L0wotqZb6unSZdnydvvCD1uY5mCZRww2yfP0mLdL1ReBblNKtJ4yvpfzBBhA9L-gZmE4TYBj_v4ctrDPXRZpwMHHEesD9IESDalOCVZi1irDkBO7PMtclAfZakbebuqGiB1rO_UHWjyKuQhyi17BXmPh0bFzSXUXcAxyIRf3t9o0qUMH63fbYfo0W9qo9GN0WRMRU%3D&xkcb=SoB-6_M3EHR7vH2YIh0LbzkdCdPP&continueUrl=%2Fjobs%3Fsc%3D0kf%253Ajt%2528contract%2529%253B%26q%3DData%2BAnalyst%26page%3D30,Contract,2024-02-09T10:58:40Z,Remote
Kforce,$25.00 - $35.00 a Hourly,2024-02-09 T10:58:40Z,IAM Data Analyst,"Atlanta, GA 30322",c2b89351e53d49ea,https://www.indeed.com/viewjob?jk=c2b89351e53d49ea&from=vjs&tk=1hm7ct33p2gam004&viewtype=embedded&advn=253019782202538&adid=380630240&ad=-6NYlbfkN0C5IatSLh_Ak1q39eQQoPIxD737RW9NeiYGvIRXkrLjEBkC4LI6KweFMaB7igpdWMlWMjvBpGSmu6d5IMEkOKUpTW480N1KI22q46A3XN3XEP4nmdQRyP1kezsURpA_jj1EHH4Cku99h0b33jDhzctoDTE7uLPGEb-Expe4wpOzVdSTB-vzVVxY_z3I6gcZo06Yyn-Em7hDTHqFlF6hhB_xtTqHmPiK_jvKo7MbC0nrd2aJ4pBX1GRBGXbY3SNkWKuo0Pud_r3CyCf7kuuyYy_1bTfFCazoyS5JH90MXulmLFsZ85z1e4r1s0EhVbBcYMxKmdjKvKNzNf5F-9UI6fKHMi5ra8wU2PDmCaPalZRkmBe5-6I4vZhAnSkAAZpmla3Tnktj5HH2gDHa0CVRBDePvadtQqab3gzHNsBdGljuTHG5wRy_WVJ85GkiQ7e_ME-cI17pPAzIQFZNznhX-wGKg_z7JBJ80pHfz0sdRYs7tEvRQhul7ZkL13HLUxKIxEYzn8v-GFp2PyiF00V1kCwVkHXjPPVmOgy0S-6rMl__I3b_Mphi4zhqHc6txMtJoBNNpM1hU1_a0sp8vthYswXD7bSeS0X1u9XnCpydas9vddLaPai5RF4TVRQEb_IAJrwxaC3r6rXjAwGeVH6J026HX74iUS5iadAEtC1gbNIHNHa2ejKPHzwjQEy30ixuMZgg_2pkUXJtZyuWXfhBWyFYc6MSsi4eTtxkIoi4CPVZOA%3D%3D&xkcb=SoDK6_M3EHR7vH2YIh0KbzkdCdPP&continueUrl=%2Fjobs%3Fsc%3D0kf%253Ajt%2528contract%2529%253B%26q%3DData%2BAnalyst%26page%3D30,Contract,2024-02-09T10:58:40Z,Remote
"GTT, LLC",$60.00 - $65.00 a Hourly,2024-02-09 T10:58:40Z,Business Analyst (Remote),"Mount Laurel, NJ 08054",d8a0d839740e92d8,https://www.indeed.com/viewjob?jk=d8a0d839740e92d8&from=vjs&tk=1hm7ct33p2gam004&viewtype=embedded&advn=813268777041816&adid=416085447&ad=-6NYlbfkN0Ci6abQPzZtnlIzpaPsmGvPJW6fwVsgLRdzrRle_KK1bJRd15Dztc0DTMWy20-b8Oz39umnGyU_FmIpKBM7sAMem_DAGHfcUGjNhcyH6q755FVwJkPoUapYPATu1JCSPJxzSTB39q5HnE4496MzoSHm9q7iS6SVz-HNZ_SrO-fUomkeP0PUUdt7LW_CepoIU0k8JKxRnPNA956NrTmmrnLu5p63R8fLYoengRD1SPQwy71tlF6hZySIqiqUD8qh-PRmpr_BqBynocKA6nKw1Mz-lOBpYa7AzjYRVDmIhQo3nqO-7619RI5gX9s_U4May8Um7toKXntdu22PgyrwfYDdulKTxrQLJFJJRUDawvOp3SZd_ZdMZJfIEq7h34cewv7iUxpiXjjDfW-BLd7U5jLU-DUECDABQQ2lbM6P8cJQAD14yyZ3GnLkF4kIgO0CMospH2glRsJxjTtEUIUeIrhwJdKxhgVQuH1X8KcQHCV791PfNP34OxfKM2pmDJyO5e7ll3LBY8fbr7zQDA6ASD8OXyVnRo8vZFiLdz4RnEkqgVXKUt_ULgn7ZMD_L_f9Ddbh0OVflJzDNA1FNqeNX-TtSrVB9plvayn9bWBvWYxVCxzALwjzItQeoWQLAouFapUdOO89lMqeT-LR1kKtS3Mh3e-2ZnR0F5ADfiDZDaRohLqxQg_9LhxCBpjpozFDknujNao6aUonFERyXlTSDzExM94wErpfwpbZm3tZaR2aCZ3-fbEdCVlogQNZAXVQWogWIwpyeKT1rSmW8nD_Ay0gITdpv0kJb6Ckc6D5T80LeLcipP03E5M606JLbNb2xISYb_qHNBVCdWBAIK0Vu5P0TW8ohhWwj3EAXXxUxPSIP5mjxzCVotesEdDCISjsJX55ouFc71m2XEzm7_8lEt7Gl4xb9Uw1ubqRuPXUF7tDeSBmabD-YuKwe7fK8dIc4spKRKU1gY058wbQtTDHd_kcikDcTGuInjV6w2wnHttUBc_Hy1ePtx380Si2g9vJ0d0Q3VoodMzaVJZUn2Nv1f2UQo-EocksMw9QFxsP9W3y_q8yxNi34krsKVivcoCeG_EXXv-Jl_hA0xyCIymrO5EJgn2jb8C9Mbm2JHMiPk-rYvPVaowY_vkM&xkcb=SoBX6_M3EHR7vH2YIh0JbzkdCdPP&continueUrl=%2Fjobs%3Fsc%3D0kf%253Ajt%2528contract%2529%253B%26q%3DData%2BAnalyst%26page%3D30,Contract,2024-02-09T10:58:40Z,Remote
"Yoh, A Day & Zimmermann Company",$0.00 - $65.00 a Hourly,2024-02-09 T10:58:40Z,Senior Business Analyst CCS,Pennsylvania,42bb9abd7e47804c,https://www.indeed.com/viewjob?jk=42bb9abd7e47804c&from=vjs&tk=1hm7ct33p2gam004&viewtype=embedded&advn=8481949994491757&adid=421855688&ad=-6NYlbfkN0Ae6Qmv8rNb3d5rEsMPL_plhvilYeiJERi7JqghURwQ9VFz2W8pl4sUkQERirjjvJBMbtdhDZ-T7Nh9oEE9a7AGqDXNMttb5cRV3_TCTExjQslSL4WsyYzwCSGu0XK2ELBDzktzrSa7vlJT9sIHKqKIwXH0RHlg0FX0W24Cx5UQLVxuIGeFQUexGhwa-JM_x6DNFZPNTXiqIDBRsEng32MVhD4jLVXsxE6sQ21CnGB5F43tRYtJh6QYVZAN4F09sRFtCzKiB_qqVD3yIQ5W6SW1bvkogxmWmx4YoO47BQnz__vMQkQyCJBliEOVg1IdywZ_XePnI9UaICqzmi1ecHtTmgDy6tbMUbGUVjGllLtciaBCPxkPciBe6G_fYRx4QzUNUQItPplU20AWJWUZyCkPreiNZS3RGsxAP9EpAv_lxkibbe2NDKprG9182aMlLRIsgQ9_rPIwpybgpQGlpSnF-iepMipFfCOE6CvbrtGMjc-nQ0NNSmgywFwUkQJI-HdEImbL1WwN8xaxrs31qH1Rj6LmUj7_5OXkaOmeV5p3X2hmvEybDSZSFIaILC9HI8R9Plktjc2prHDsXV6lenHkILHGT4o19uQ%3D&xkcb=SoDZ6_M3EHR7vH2YIh0ObzkdCdPP&continueUrl=%2Fjobs%3Fsc%3D0kf%253Ajt%2528contract%2529%253B%26q%3DData%2BAnalyst%26page%3D30,Contract,2024-02-09T10:58:40Z,Remote
Kforce,$50.00 - $54.24 a Hourly,2024-02-09 T10:58:40Z,Business Analyst,"San Francisco, CA 94104",a8df5bbc01bdac63,https://www.indeed.com/viewjob?jk=a8df5bbc01bdac63&from=vjs&tk=1hm7ct33p2gam004&viewtype=embedded&advn=253019782202538&adid=380630471&ad=-6NYlbfkN0C5IatSLh_Ak1q39eQQoPIxD737RW9NeiYGvIRXkrLjEBkC4LI6KweF8V4ozHZ8DEZi8NZ_YcW011W7yZ8NBsaHwBO6Iq6z9zHjPeQ1OIXctBfJy9oLk-Riul8cNBKrRtsybbWzBGCxxMnR5bYjj5DKTwQ2lW5Xb0IsTo_hwqVi_t1uK3Vr_UyXW-xlBnEaYWuoD5XXYeMJdJ3GBW-du1ePLCiRB8YZpA1DXyZzfqErtccAxSQ0u_jPL0Ot5C0taraUnVZulJ8BJ89o8Sf_GNjtIS25t0yac0L7t3Bx76aGFMwsibS33tuz_5ZtZYh3fWyBQmNwTl1TGp4hCRYduz-09dXkDt2vGrq3Qjg5LJUfwDV9c85-3ff5sp6s8L8wnrrPeYkG9WSSpfW-3AUbxIsuZ7tDW81PphGtx3C55SocfXrGP6-otjT6PUkN2ts1V7k2Nb7TGfeuY_YW6-BCDSeSS0x39wSQHlZB9vo3dPc3ddltaCMKsvr0xMpdsOaHKpgYkEeHM4xzKVtAKg4QbfEcKIs-pTY7zAyHPgDtP_L0jZXZFd62cwaoeM-PdS61I6ZN9S-s2yyBrSSU48E4zHKyWYTPRUm7vCXDduQj_LRXM9184GrIGS1oachi2P355eGkrz60MQFzqCqcOpnQsztbXX1WIRVf5x-kio9hbzYDkvwLjtIQtK-NMXLa_bNS3Cj6gJlLipVWVWRzwwhQnnA7Tt7DqZsqBl-w6fDCSyUNxA%3D%3D&xkcb=SoBE6_M3EHR7vH2YIh0NbzkdCdPP&continueUrl=%2Fjobs%3Fsc%3D0kf%253Ajt%2528contract%2529%253B%26q%3DData%2BAnalyst%26page%3D30,Contract,2024-02-09T10:58:40Z,Remote
Imprimis,$32.00 - $35.00 a Hourly,2024-02-09 T10:58:40Z,Data Science Analyst,"Dallas, TX 75201",8bd8996b44d45ef9,https://www.indeed.com/viewjob?jk=8bd8996b44d45ef9&from=vjs&tk=1hm7ct33p2gam004&viewtype=embedded&xkcb=SoAE67M3EHR7vH2YIh0MbzkdCdPP&continueUrl=%2Fjobs%3Fsc%3D0kf%253Ajt%2528contract%2529%253B%26q%3DData%2BAnalyst%26page%3D30,Contract,2024-02-09T10:58:40Z,Remote
SHR Talent,"$82,458.91 - $104,411.34 a Yearly",2024-02-09 T10:58:40Z,Senior Business Analyst,"Nashville, TN 37203",a8dafe63d244b9d8,https://www.indeed.com/viewjob?jk=a8dafe63d244b9d8&from=vjs&tk=1hm7ct33p2gam004&viewtype=embedded&advn=80412548233377&adid=400728793&ad=-6NYlbfkN0DuqWkpKZaXNgZuYzRMqi13Dljsj-O_VC4bEQj7hg9rKhI7eWNBV7BqfqczRUigueh8A-OXPx77f5pzUw00tsbr4pFo7VsP-oLlhw-xe1qt02hiVEqNtxWVtQ6KGmDmf3COC1LxA51VWaubFtn46xy-s2kBaCITP1KeV5jCUmIS4WYlM5rGinWonhqeOgGEhgdRWPupJAe5n8QrUAzS9JHhxjSk2XF67sz0dY_lUCjReNQvEZHr-FW1nu5ziQ7d703QtopUkhbsAvXZ_bJErpR_gV7MbgSw4xs_inoM-Coutf0EgdFEieGIlFfLSvDNleZ-PdRW6ZaLDNpwa7V2fUJ07d-THarue4RBrJa_fUup_mtR2_SQLKuh08QWlUaYfIeonDuHSbEf5bWAN_JxFnzhPWsnlHDRIq-tiywkISvQVyHQOfwFs03WfP6doOlQyWF1-OcHekC6mHY76WFuRUWFxH7ocDwq6SxzRmquYWdM1hHfdbzlzs--ZFWKBKjzRRtnEjSuHaP6NUQ7lfSp1ZZFq3fUf6uYi_l9RRly7K5XIOp0Z-pKuLEZPy8qfwO3g982M8ZpcOvVppNBzafFmotg-lkDyFuRSi8KLv6wpWdX6O5wzWUVH6XlTCb3FQFTN8UmEYFuz1yjTbZAWTgaTCluh8oIOtDYUqE%3D&xkcb=SoAj6_M3EHR7vH2YIh0FbzkdCdPP&continueUrl=%2Fjobs%3Fsc%3D0kf%253Ajt%2528contract%2529%253B%26q%3DData%2BAnalyst%26page%3D30,Contract,2024-02-09T10:58:40Z,Remote
Samjose Infotech,"$92,405.38 - $117,005.80 a Yearly",2024-02-09 T10:58:45Z,Data Analyst,Remote,d1c85d040e0102c5,https://www.indeed.com/viewjob?jk=d1c85d040e0102c5&from=vjs&tk=1hm7ct7q72gak001&viewtype=embedded&xkcb=SoAI67M3EHR7JsxScR0DbzkdCdPP&continueUrl=%2Fjobs%3Fsc%3D0kf%253Ajt%2528contract%2529%253B%26q%3DData%2BAnalyst%26page%3D40,Contract,2024-02-09T10:58:45Z,Remote
USTSOL,$40.00 - $42.00 a Hourly,2024-02-09 T10:58:45Z,Analyst,Remote,f7d9f6d2718a41e0,https://www.indeed.com/viewjob?jk=f7d9f6d2718a41e0&from=vjs&tk=1hm7ct7q72gak001&viewtype=embedded&xkcb=SoAh67M3EHR7JsxScR0BbzkdCdPP&continueUrl=%2Fjobs%3Fsc%3D0kf%253Ajt%2528contract%2529%253B%26q%3DData%2BAnalyst%26page%3D40,Contract,2024-02-09T10:58:45Z,Remote
Elevate Services,$20.00 - $25.00 a Hourly,2024-02-09 T10:58:45Z,Part-time Data Analyst - Legal Specialist,Remote,c63cbaf5ccc40a07,https://www.indeed.com/viewjob?jk=c63cbaf5ccc40a07&from=vjs&tk=1hm7ct7q72gak001&viewtype=embedded&xkcb=SoCV67M3EHR7JsxScR0AbzkdCdPP&continueUrl=%2Fjobs%3Fsc%3D0kf%253Ajt%2528contract%2529%253B%26q%3DData%2BAnalyst%26page%3D40,Part-time,2024-02-09T10:58:45Z,Remote
Behavior By Design,$65.00 - $75.00 a Hourly,2024-02-09 T10:58:50Z,Board Certified Behavior Analyst (BCBA),"St. Louis, MO",61c3da612e19dff7,https://www.indeed.com/viewjob?jk=61c3da612e19dff7&from=vjs&tk=1hm7ctchhi40v801&viewtype=embedded&advn=5216376667556538&adid=425796676&ad=-6NYlbfkN0Bogipms2ycKDrcyetNX5UlmxFKQFmJJURbf30zKvrmVoZDA_yqi1Pu_mR7ZGQwTUT2w02HoKIQqt_yamNajTl8SElHS1Q6azgfniPUwFL4dF0LncLSspSnS8xdGhQaoJ0F-6kck5z28YiFLfaQg3RdW6jXP8OTMhSAb68qgv8Bvdjna8AWzYoeM9MI2Z3ZFNwsDRFnNcD-B6BCDohbGPMYkoxoC66if03nc4OG3KzahSL5bAhrAQs9gUd-BzBUs8UjzQTUyggK9K368WUIOibwlvaQo8bK6x6fmwtHS5PPwb8lx46zQw8AsJMGXJQP-SV6IBjEwT7XNREwQUag9cnS8d9lsOLdNklsmncNJZ8M_RdpfWBAYWKhmardCeV2_gWuZ5dGy-Jttf48Se3rjOdiUfkI_NHZvJWsiGyLHp6_FzuBjdCo89dETOwcIGHoTzIl3i76VH258KE9eyDnRlsYOP078goBY7T8qr9xLTMjMNTcyLTs6Jq8lK5SVxE-kiCWAxALDR1lLDnvfJs88-85m7M90ZwciC7tq8Fd3QuXN_ZCbcOv5SlDcv5QHeIg-7ciNbBnZVn81YcWi8ZKQA7WBwDDPqNV1Ggccv5aoIK9u2g6honXrh85MI1k1AGMniI%3D&xkcb=SoAh6_M3EHR6Tmzs6J0KbzkdCdPP&continueUrl=%2Fjobs%3Fsc%3D0kf%253Ajt%2528contract%2529%253B%26q%3DData%2BAnalyst%26page%3D50,Part-time,2024-02-09T10:58:50Z,Remote
eTeam Inc,$50.00 - $68.00 a Hourly,2024-02-09 T10:58:50Z,Data Science Analyst,Remote,a202db3d7ccf1237,https://www.indeed.com/viewjob?jk=a202db3d7ccf1237&from=vjs&tk=1hm7ctchhi40v801&viewtype=embedded&advn=4830468414473438&adid=419189016&ad=-6NYlbfkN0Dtmpfj98iB4C0jJJOWen3Era3IQfJzNZ4PFwBIKpo80CvlYmJYyffHOwy26mz3iNNw-bINDIaB1bxR1YcE-i9r98ZF_9249QchehWBih0lyf57107Va6hxB443DYg-Zjr5JNnUTdlY7PS_-_A04Z5nLmEGEBel0BPyr7v_4JKF4OdT70RIKaEJLyIdUoMFpVPm3dgl33L5QJUp1hEuVlU8XzE_KsJEo9qgmf_dLNBjkpCGJDk1Sa1YyLSLZC4h_g1CR86TuCWDSu7eItk1y6IGS9504CY3zIq_PJU1uefbdno_7pUV2y2V4Jv9uwhKuzp3dP4hmBuBmcF1Y5kQFjsPcZ9Bpjigc-lCjgL-3YMlb8m_58W9r29GPLw3CTueQR460mJ9YrpfP5VBy8WB6gOCualNq04tZR2xnejX1KlP7JTB_ElpBglk_ISr1pHuHh95ZAsIJYmUG7tbEavsfR8NlSXZ1Vgofz71mduxcMGXlZRF05EPHg4u_gbYpVest0fayQuplslMk686vAT2bOekU3kKj9gGoG65Uawfpc_sPF7ltGbFQcE7OhcREpWNvvN9HbJrDalMtfeM9QpZXIbociVX1MVEkpPq02IkTJv7Mj_13WsvC30TTdk5Y2WNhI4%3D&xkcb=SoCG6_M3EHR6Tmzs6J0PbzkdCdPP&continueUrl=%2Fjobs%3Fsc%3D0kf%253Ajt%2528contract%2529%253B%26q%3DData%2BAnalyst%26page%3D50,Contract,2024-02-09T10:58:50Z,Remote
eTeam Inc,$48.00 - $50.00 a Hourly,2024-02-09 T10:58:55Z,Business Systems Analyst,Remote,034c14a1cba4a5b1,https://www.indeed.com/viewjob?jk=034c14a1cba4a5b1&from=vjs&tk=1hm7cth7qiqte801&viewtype=embedded&advn=4830468414473438&adid=419189016&ad=-6NYlbfkN0Dtmpfj98iB4C0jJJOWen3Era3IQfJzNZ4PFwBIKpo80CvlYmJYyffHOwy26mz3iNOV5tVVF3lHKc3FWqayCLUWYZ8XKAIhszmffPv1q-h_I7hI1sPoiT9LJrjRbQQ9YTAZYi-ovS-xGjagB3s5G06kloR9NCUd0PzrPxnJiYmp_uFgvdl7CTvhC8ylPL_f_Gz4LOtfGVQduMMqv5NuyIh8JGxTJNsaSppLt_u6TMRWEJ7C0Z4GallJ6gcBV6i37YgzDAUm9fD6mupzskSPkx-UbwKgiq8dMaEaM7zONs6oujWkS2aGlal7OUF2i7ymSN7NC0CPjNtiXkWrtMDU_exqPjR5PzDfxf9LIeOmTVtH0khbSKZomB-QyseJQsRe2NometYOW3_m1K9kzDwtUpUEE2lusoWkRV74i_a0zBCT2PaQZu_7GgyJCIa-kQdZAtkXbJwxJpqkecaoGFaSZpG7boyzoldMieQ1ga_M5RQ0mqf9BGLRbI4OkRSn7O7L5jLV6GD1PYQL6NuWmilT6Ju90PIAmwHewljIzUdam7P-ShDmA_qBsD1DaJloM7KYAG5GrDZ32cRnsFQLduBYjCdJ6ATRE-tG9KM1L-wL22tceJzHzms4Zg81969Zhz_pyl9Oa1iOr1c46A%3D%3D&xkcb=SoCR6_M3EHR58O2YIh0ybzkdCdPP&continueUrl=%2Fjobs%3Fsc%3D0kf%253Ajt%2528contract%2529%253B%26q%3DData%2BAnalyst%26page%3D60,Contract,2024-02-09T10:58:55Z,Remote
Amazon,"$57,787.16 - $73,171.43 a Yearly",2024-02-09 T10:58:59Z,Data Analyst II (Contingent),"Palo Alto, CA",4910cfe1f4569ab5,https://www.indeed.com/viewjob?jk=4910cfe1f4569ab5&from=vjs&tk=1hm7ctlnsk7go807&viewtype=embedded&xkcb=SoCH67M3EHR5YdQ3mx0PbzkdCdPP&continueUrl=%2Fjobs%3Fsc%3D0kf%253Ajt%2528contract%2529%253B%26q%3DData%2BAnalyst%26page%3D70,Contract,2024-02-09T10:58:59Z,Remote
Amazon,"$73,795.82 - $93,441.95 a Yearly",2024-02-09 T10:58:59Z,Business Analyst II (Contingent),Remote,e31060c4524c5ced,https://www.indeed.com/viewjob?jk=e31060c4524c5ced&from=vjs&tk=1hm7ctlnsk7go807&viewtype=embedded&xkcb=SoCu67M3EHR5YdQ3mx0NbzkdCdPP&continueUrl=%2Fjobs%3Fsc%3D0kf%253Ajt%2528contract%2529%253B%26q%3DData%2BAnalyst%26page%3D70,Contract,2024-02-09T10:58:59Z,Remote
Radiant Digital,"$82,546.94 - $104,522.81 a Yearly",2024-02-09 T10:58:59Z,Business Analyst,"Providence, RI 02903",2617c94401620400,https://www.indeed.com/viewjob?jk=2617c94401620400&from=vjs&tk=1hm7ctlnsk7go807&viewtype=embedded&xkcb=SoAa67M3EHR5YdQ3mx0MbzkdCdPP&continueUrl=%2Fjobs%3Fsc%3D0kf%253Ajt%2528contract%2529%253B%26q%3DData%2BAnalyst%26page%3D70,Contract,2024-02-09T10:58:59Z,Remote
Realign LLC,"$92,570.59 - $117,215.00 a Yearly",2024-02-09 T10:58:59Z,Image Analyst,"Alberta, VA",d6aa0f34a2f2a4b0,https://www.indeed.com/viewjob?jk=d6aa0f34a2f2a4b0&from=vjs&tk=1hm7ctlnsk7go807&viewtype=embedded&xkcb=SoBH67M3EHR5YdQ3mx0CbzkdCdPP&continueUrl=%2Fjobs%3Fsc%3D0kf%253Ajt%2528contract%2529%253B%26q%3DData%2BAnalyst%26page%3D70,Contract,2024-02-09T10:58:59Z,Remote
UC San Diego,$29.60 - $35.13 a Hourly,2024-02-09 T10:58:59Z,Research Data Analyst 1,"San Diego, CA",43d7bc3ebd0668a1,https://www.indeed.com/viewjob?jk=43d7bc3ebd0668a1&from=vjs&tk=1hm7ctlnsk7go807&viewtype=embedded&xkcb=SoBu67M3EHR5YdQ3mx0AbzkdCdPP&continueUrl=%2Fjobs%3Fsc%3D0kf%253Ajt%2528contract%2529%253B%26q%3DData%2BAnalyst%26page%3D70,Contract,2024-02-09T10:58:59Z,Remote
TRA'BIAN ENTERPRISES,"$76,429.23 - $96,776.43 a Yearly",2024-02-09 T10:58:59Z,(5) Data Analyst / Data Scientist,Remote,98aba3bf29879d59,https://www.indeed.com/viewjob?jk=98aba3bf29879d59&from=vjs&tk=1hm7ctlnsk7go807&viewtype=embedded&xkcb=SoDg67M3EHR5YdQ3mx0HbzkdCdPP&continueUrl=%2Fjobs%3Fsc%3D0kf%253Ajt%2528contract%2529%253B%26q%3DData%2BAnalyst%26page%3D70,Contract,2024-02-09T10:58:59Z,Remote
BayOne,$0.00 - $81.00 a Hourly,2024-02-09 T10:58:59Z,Business Analyst,"Santa Clara, CA",a10a354868434f01,https://www.indeed.com/viewjob?jk=a10a354868434f01&from=vjs&tk=1hm7ctlnsk7go807&viewtype=embedded&xkcb=SoBU67M3EHR5YdQ3mx0GbzkdCdPP&continueUrl=%2Fjobs%3Fsc%3D0kf%253Ajt%2528contract%2529%253B%26q%3DData%2BAnalyst%26page%3D70,Contract,2024-02-09T10:58:59Z,Remote
BayOne,"$101,957.95 - $129,101.48 a Yearly",2024-02-09 T10:58:59Z,Business Intelligence Analyst,"Mountain View, CA",f4e333f16c6e91a3,https://www.indeed.com/viewjob?jk=f4e333f16c6e91a3&from=vjs&tk=1hm7ctlnsk7go807&viewtype=embedded&xkcb=SoDJ67M3EHR5YdQ3mx0FbzkdCdPP&continueUrl=%2Fjobs%3Fsc%3D0kf%253Ajt%2528contract%2529%253B%26q%3DData%2BAnalyst%26page%3D70,Contract,2024-02-09T10:58:59Z,Remote
The Forum Group,$44.17 - $-1.00 a Hourly,2024-02-09 T10:59:05Z,Financial Data Analyst,"Long Island City, NY 11101",9db9f869851c4455,https://www.indeed.com/viewjob?jk=9db9f869851c4455&from=vjs&tk=1hm7ctrjik7gl801&viewtype=embedded&advn=1870696524930358&adid=420245123&ad=-6NYlbfkN0AZW6raguTt8GHJNwffK-e9Yxe4teW1POkxz1ehGu-7QsGbLYyoXqVy4FCxh_BimK7rQfml7GQbE9nEk5IaFmltcocWJO_B0mgcdYswJkF6iCUxuKL9joDr8uSX45Q2ZEHPLsZP6fuupL-2yqkaMiEntWsyEMFdN13zXNGDOt18io7JAf2wjCwZByuFtQ5RXVTwtYzqCYLp98bISR_kvECl6EGUJMW1zPfTL5w-cmPLoJlfG3LG7Zt8zw5ksUX-eTADzji9p_xZjD-ipVgaq-zN-1y9NiGNI9YSF9G31njB01CM7hXz4abp4DzwF465Ur5KZcV5b1lQ1ZuabEBf21V5SS1wmRY420SY4KOMcwFC1U7RSaD7vXTkhq34cNivaQVFlRyRNr6UDeGdXy8oLHvNJeh0ZMznMqHaqWpHorr3aY8dlbHX9t6mrJZXe8rpvZI7k6sbeD8_EeRT0nfc3GmsiBCdlOZmDxgWTbfOnhiGG6o9Uoli4tuo_uUi68CvaaQqTPl9Iv7zfn0znYHz2kyB5aWQZDo6NHM-lbND21hBQvUkxT8swZc-p1XaIi5opS4BxWalJcgN2lvLMnPr8RqcjQLPuZPSYwVTG41xgDBXnaygseU5QaAK2Q_19qP_TibV0s1mzrtP5g%3D%3D&xkcb=SoB66_M3EHR4rb2YIh0JbzkdCdPP&continueUrl=%2Fjobs%3Fsc%3D0kf%253Ajt%2528contract%2529%253B%26q%3DData%2BAnalyst%26page%3D80,Contract,2024-02-09T10:59:05Z,Remote
nTech Solutions Inc.,"$56,466.93 - $71,499.71 a Yearly",2024-02-09 T10:59:05Z,Enrollment Data Analyst,"Owings Mills, MD 21117",87ba91f56200bc1c,https://www.indeed.com/viewjob?jk=87ba91f56200bc1c&from=vjs&tk=1hm7ctrjik7gl801&viewtype=embedded&advn=7430091540325085&adid=33162050&ad=-6NYlbfkN0BaWX271LTawDCru7aqoxnwLvi923L1fWKDUcEKww0rGpw3H3l_Hc6zhJQQP5r4p_OqG0WcZYdfXg8wNJsPHthzW1_bJm0XaD88M76AYl5S6ptKjKkIG740BUhYaa4EYRzeqBDXNeUKHxfFn-7Re5okQRkBNvpzD38g-a3C_toebzABHvlQ_F4whXbzSwirgSOZKtUFTxUa-9LFuZF3YJyM22UsG8YQ9DogiU1E1pg-YWgsq-ZAgcM8UnmfYQMuzMm7NSeQFIJgxqe_ViCYfygBAEi4XjewU_UiQN91fpHg1kMAVFN7wXRLYz8LMYSsmiKH5BDK4ZEOei7v8OmUJqw_M0JL0USP9GQJQfHkpTaO3UIyBveST4P_q6kEJBQU35dw0EbZcpVish55TuEk3P9kfPeGftIyUzQlv9IR556AfkMTraEoCEYCCSnMyL4NbJFp55kjseHEP-HUpmR_uWxoI3YHDT0E258AQFj2jlgETU3CARtuoHnHmz74dKvAVlbG4julysQDjqhb2xgE5Hx1e_3tdM0veVgVa0o7nlE0EhnK-iwYn5spb7LyjzYd5M0KncY8UJC2At9UnxHCsNNJGi-Typ45CO4vfLoHHtAh5x6JRUxLSE3gVXTV3SckbxfylYfsZIidgzUXAivJoFkJVESMUXDmebv75wtQmz5WPqZux-E4xELcR1225AmhDFheqZ_FKqQv5OIeQNzGE24X&xkcb=SoDO6_M3EHR4rb2YIh0IbzkdCdPP&continueUrl=%2Fjobs%3Fsc%3D0kf%253Ajt%2528contract%2529%253B%26q%3DData%2BAnalyst%26page%3D80,Contract,2024-02-09T10:59:05Z,Remote
"Maxonic, Inc.",$0.00 - $48.00 a Hourly,2024-02-09 T10:59:05Z,Business Intelligence Analyst,Remote,829d2f0cbcfb6e7b,https://www.indeed.com/viewjob?jk=829d2f0cbcfb6e7b&from=vjs&tk=1hm7ctrjik7gl801&viewtype=embedded&advn=1699283669543468&adid=404426343&ad=-6NYlbfkN0CcZyzezfzvtPQUPPpPoUj9-ywsUO7mA4JsOj3ENCeqrO9_b-accNAdsUGhbUow6t1hWXUZuv4feqmu5lsFB8uUQYV_quZjrqBhUhvFQDvuChBZSRqOttF0o0W4-zHPWTLiwvTvn8QbcAXwCtC28GEmh7imEUQlP-GMbOuAU1Tf_TUmdVZ2KyGcm38BKum-Msl45EWQyIKSGOXDrj-nMCZ56-wfnoFwoxcoLzZViGwKPIGx7b64xTbUQGONEhWQT2d5hEz49LNhjNgEhPKt3e1pPbYZxEoVR_osMMy-QNwlWC2stjPidMdlGM-vIbl5X0NI_fLtj1gT9I6VN4b9KGYFEofMH8y8Ccx_4-RabmFD2I8LohEPkVCjzQdO9iMDYPTsVBTDPMx_IRoZCguRwnEkkzFAavhMzDWaPJYX1RW4RmJb1bjiow3yhMXCiqJf37Dzf43ajJf-MgsHAVzld3ca1kJGWh6lZ4rNKcI284kLFNi6zrF5As1h0OF_Ug6K-B-0IPzv2evZnujR2caJd0LfeFXQpd9L86ienY3ATzorF7pgNDtRpq-5-bVJSDDKEJQUE_M1RFRaMdCBBneJwOdDIHC3qo2H6LQyWYocmaQtJV2Mgaj7WvlCK_3_itDiTTw%3D&xkcb=SoAn6_M3EHR4rb2YIh0HbzkdCdPP&continueUrl=%2Fjobs%3Fsc%3D0kf%253Ajt%2528contract%2529%253B%26q%3DData%2BAnalyst%26page%3D80,Contract,2024-02-09T10:59:05Z,Remote
"Walker Healthforce, LLC",,2024-02-09 T10:59:10Z,"Business Analyst | Hybrid | Detroit, MI | Contract","Southfield, MI",9985f97b769956dd,https://www.indeed.com/viewjob?jk=9985f97b769956dd&from=vjs&tk=1hm7ctvsdjksp803&viewtype=embedded&advn=2022886443036741&adid=421527955&ad=-6NYlbfkN0DgXLuV-S6C0NooCHYZz1szndftZ5R6dKT14daUa0u_TYl7dgIoCKLxPnm2uXEL_O-yztaEfb0OhJkVdKcBNdfxvSQI42ZLgyGuN25UjG48QkqHWoLhLeBYvYP3fJcYI5SfYJd5mTvYvLCPMBWUBLn_X3BaR2TRnnXSvMMz5hE-2MNEfRMZskgTXH-pDarTJ8SyZmPLdXOIxdSCORoAnCWyPZFTwBB5HNqqU26BXXX4Y1bG_rnR6mUAahwAgnToVS0eQL5s-XZPNQprljCHuD0G4rzTVTxc-T7cFPMo4yov--sGDqPvdgLbMG9u7JcisKq2tQJtELU0V2XH-pp4aJ97pz6jm-2HHZPzNfmevtsF_FX6uNzKt9Gn57Uk-NSmab0-uR8kxm7xhFXzq7dLFTrZqlJmCRZ7lD9Cf-csupTVKjOCBntpCWnbzvwMEwMZyam5DckqnsG9ov50NWIAnIk28_cul5ru6JtVAOp89Lv8e5uPfMXjqUTgWNgCOLubKdgIS702RBu78HDLqU3zK5sLVL0RTTk6HvnpWzzIOPTMRPVZKQW2tOgTsKaCKcuZsAUbe_9CKpJ98aEK0Bkt_Yr5bx9-PDKPjmCq9HTBWYsxRDbTlC695zM2HBSYE5XstWZX37AwkvgFVnnykRoJ2kGX4Lmrt4oDTJJz71LuFK5Aoi3CPek7DfAe&xkcb=SoAb6_M3EHR4JB2bVZ0KbzkdCdPP&continueUrl=%2Fjobs%3Fsc%3D0kf%253Ajt%2528contract%2529%253B%26q%3DData%2BAnalyst%26page%3D90,Contract,2024-02-09T10:59:10Z,Remote
Kforce,$52.00 - $56.00 a Hourly,2024-02-09 T10:59:10Z,Process Data Analyst,"Cincinnati, OH 45202",cb2a9578675e82dc,https://www.indeed.com/viewjob?jk=cb2a9578675e82dc&from=vjs&tk=1hm7ctvsdjksp803&viewtype=embedded&advn=253019782202538&adid=380630471&ad=-6NYlbfkN0C5IatSLh_Ak1q39eQQoPIxD737RW9NeiYGvIRXkrLjEBkC4LI6KweF8V4ozHZ8DEbTbuFFpmIfKowIIhC9yknyU1DczXcceK39sVKoy8JuDwaG7pYCDNXlPvDvrvrLmXyVSSsEjS3jvRRVUkE3UXy05U2aXIGClKnF4lzK5UlnOiS557-a4qHO_U9isPY1RByA7qhJmlMBsVwaOjH2DXtspm00NkJ7951sW8b6uZIZhk63jSer9X0uZ8XevgHFUewXohwu9qTgyEqW_nNxUZtNXOnKSCn4Jtu_3C0jq0Zvp41qUSgOk5U3sZSZJ0Ny2EAbCBFVNWysxAdYaJRC3a1rEtogoy70iQwWXMlcN8UlcWy2tOj8cNu1uquvPp71xpHHTfzyTT12DyrCoDyEh0-PiSfixH1gfKs-Ht_7I7Ru9N6LGlFY3tFlWQiciKVSeR5UUTRW6uKiaZcCJ9B9g8co54AzKNeOIk6g8TlG4F_TYzCx66Wbf5YaR1qtzdi2KpVdgvqf_X3kn1d5m-B3S7omQXytT_xqKQX06XTKKALpLKj1soclbBMhkk2tdhi8WpOv5pWUZ3FhSK9Gdg0NGPIGk6o3wHPFwkgU0f8YZFRWRGd2AgZ0zkZD8v2vaJqOc8J5JylnUHdsEB9KYxbvOo6JsCIiZTi7CUjS0jtA8dWT2XR5kRqmszIe7qBqXb4NtANdyJXc38DEL6NJCuJjOcSWL-yeOBJBcT0%3D&xkcb=SoAy6_M3EHR4JB2bVZ0IbzkdCdPP&continueUrl=%2Fjobs%3Fsc%3D0kf%253Ajt%2528contract%2529%253B%26q%3DData%2BAnalyst%26page%3D90,Contract,2024-02-09T10:59:10Z,Remote
Denken Solutions Inc,$44.23 - $53.27 a Hourly,2024-02-09 T10:59:10Z,SAP PP AMM Analyst,Remote,825d7e5c74c79a69,https://www.indeed.com/viewjob?jk=825d7e5c74c79a69&from=vjs&tk=1hm7ctvsdjksp803&viewtype=embedded&advn=1716249618260499&adid=424395002&ad=-6NYlbfkN0CVpS629HKSwIbWU3uCe7JYhQFqHj9gG55VMvd9q8Wv5w4qYb_5SBn8AuSIPGDjsxC-xaBdmXty2HK2ajZaH5T-5e9lybn1_nuHUozLiZpN0iNj8f3UEj2v9cnONOZe6GkICohIGcPaAGXqxqxsxblyWSH0ZVgJP8xrzldJEgAznqd9aXTYMLtvMZi_cRC0j0Z1JMrcV1zaK7mmNm1-ZmbBDPe7upO1sEoGgxLXj1KpvSwiUNRp5NJKS3WEqg65bcMSZgdZpNMExXlWXxcD1YPwYvdSNYWs2LxxEapkXOq50iwHpPUc9wNGu419FOZ8Gcf3JAvu-MUlqIeil_aO3IecxsAHheIysvN04hWJ3NBj8NZQ1pX_El_U7gcLhV6jOwZ0Q4u4P2mGtfPwGlf85KESItZi1pqKWjoDiTJWgM5zSLTekZ3cdsjiBKKjT3y6fesEMZYQomue5RqQKDLJDGr1MrAat98wi7jVrrZ3kdckUoHXEUew59ySJtyyak2ROreOLj84CIgAaofoC-L4RFOjh1Q0YeCH0_sv_b5iSONxxZnz1n1pJ51ssBSpbeTJ9fQ2q_l5Tv2WzNSzIfi9XvS1eF7c0AMOaxKEbJ6y_Y2UdZGkexzkTuZGtnPhAgGIegc%3D&xkcb=SoC86_M3EHR4JB2bVZ0PbzkdCdPP&continueUrl=%2Fjobs%3Fsc%3D0kf%253Ajt%2528contract%2529%253B%26q%3DData%2BAnalyst%26page%3D90,Contract,2024-02-09T10:59:10Z,Remote
Smartfox LLC,$35.00 - $40.00 a Hourly,2024-02-09 T10:59:10Z,Marketing Analyst II,"Detroit, MI 48226",db85cf935a4e1508,https://www.indeed.com/viewjob?jk=db85cf935a4e1508&from=vjs&tk=1hm7ctvsdjksp803&viewtype=embedded&xkcb=SoAv67M3EHR4JB2bVZ0HbzkdCdPP&continueUrl=%2Fjobs%3Fsc%3D0kf%253Ajt%2528contract%2529%253B%26q%3DData%2BAnalyst%26page%3D90,Contract,2024-02-09T10:59:10Z,Remote
"Yoh, A Day & Zimmermann Company",$0.00 - $50.00 a Hourly,2024-02-09 T10:59:19Z,Business Analyst 4,"Plano, TX",793b65132964d72d,https://www.indeed.com/viewjob?jk=793b65132964d72d&from=vjs&tk=1hm7cu9bsk6og805&viewtype=embedded&advn=8481949994491757&adid=421855688&ad=-6NYlbfkN0Ae6Qmv8rNb3d5rEsMPL_plhvilYeiJERi7JqghURwQ9VFz2W8pl4sUkQERirjjvJC-8S4OmProTK5mTVhJzdYgTqjaxDutZ25cU0LQpgQ5lhMXGqsUJQrKf1iTMvRCijE1HFzujDHCuWePLjXLJEDIDSkgpgB_YDlHfXlNGW4vajDId0znWO2wRDMHSXSIomatvvyE-5-vzTwo-Fp-h1WjmeyIosLULR9jQHhzEz7lNKQLC1nnvyzyF8KKenYp8jrDbr3M3KM1AkwPEy-IP6z96emW8UlTgXk-wsdlTd6dcm9xjLFRutt8_B1v7I-NLpkHkZdvl3ECClp0JjWaWA8wikon14ESuT82tOi6LypLbwRLZNMtPPB5fxQgGGJYLCjTO6Ui60w_xWpM_C-eyQhyApKFdgjwCFsNynRAgAnI07EkTtJZnQ-FYOntTQsTm3v6P4y11hYndyPCNqYGWOfBwNjk-gFM6r3mqtn9uyXXWadS0z2kfJfOI3sfVVwF4DkA2RiVcV0P7HITQqBOOJbJ2n0IqLRCi8cgXGYfVGA-OuGJiOgrntgZblWUa8wswkBcs64ahDP-NU-MMyXSeid_Qzv8kfjC1qs%3D&xkcb=SoDv6_M3EHR29FQ3mx0JbzkdCdPP&continueUrl=%2Fjobs%3Fsc%3D0kf%253Ajt%2528contract%2529%253B%26q%3DData%2BAnalyst%26page%3D110,Contract,2024-02-09T10:59:19Z,Remote
Xenolith Inc.,$32.00 - $43.00 a Hourly,2024-02-09 T10:59:19Z,Business Analyst,"Saint Paul, MN",146f90f48766b72b,https://www.indeed.com/viewjob?jk=146f90f48766b72b&from=vjs&tk=1hm7cu9bsk6og805&viewtype=embedded&advn=366653417161715&adid=402825700&ad=-6NYlbfkN0AsMwtTy21-28VkoKPkhkY-61kc593KJ6GnYjRDMAAA6av7MizFV5Z6k5VTArlav805F4WxnfJMxN50JgkncRDN510OM0q7QRkEN0ziRvZ3vxqUz6-Auiy6_ZjMnJPLQO0_gSPkHNUdS88BxfG8jetAyMXLzbcckECJ7I3BoCggUcpSwRArNcZlF9gP5u1B3RQ2cC2Fnv9qmWPF41_gjBADaH3DdPc_4uDD2-VLT-jAiZ7VhsWTYaTndQyuRZdqmBsFmoCyUmSa17s6FRAQSNJEnenJosxgUaBHvmJEhFAA_ZLTGAgNCe2easnrZa482UFv8Jwr6_Pwg1D1A07i81RI76CrI0f8AW9HYgWGimzqozZu7a5gkVsEQ_sS2IFDmvmdQkAfCLTkMqDHRhf_7BwFakVTqs0tdEaN3sUptJOBstam4aOEp1fhdrhVkHVyxG7SP7wIkb1fyT2OLufrZTAlpk43365ohV6PF1imwXoLc7DuNo6HCBb7GZ2TWTi94OHqIb8SvS4G5_apBvdBgHy0NU6piTR1enEt_2WoTMZWCeFypLFZDRj78VwoOn8DphBvtRfOic2yJWKUMazSvSdGvCmqj8tSHRz1AE1FFcb2HqbK8I3a0MWi&xkcb=SoCy6_M3EHR29FQ3mx0HbzkdCdPP&continueUrl=%2Fjobs%3Fsc%3D0kf%253Ajt%2528contract%2529%253B%26q%3DData%2BAnalyst%26page%3D110,Contract,2024-02-09T10:59:19Z,Remote
"TalentBurst, Inc.",$62.00 - $65.00 a Hourly,2024-02-09 T10:59:19Z,Business Analyst III,"Woodland Hills, CA",9c2d7d9d8c205052,https://www.indeed.com/viewjob?jk=9c2d7d9d8c205052&from=vjs&tk=1hm7cu9bsk6og805&viewtype=embedded&advn=2769455239497812&adid=416904455&ad=-6NYlbfkN0AytblDjMhCTRr2PwXSTF3LlCyagmIhB_qBKYhkTsU9J0hTk5FFAzwJDmkNUWL_TlU9Hn-VNod--nT9H2bjXKE6MwtMy5DCSTzJeHp_VO5Q1KvO2tBjz8q5MJDyF7_ohIMdzQ7-Hf4BA5ekcg5IegpKVyvazbnEUuDJMD5QJiUDD78x_jgxhSoAK6H_BcYZSKnRUK90djrlD8hYAKRo0_G02nZEq6DGRuz-IYOLnaYLOM6Tv01zfd7ERMDuNuRUk38mm2j_o-pMF4SNQS2AZJO9G4CcLd2UQ4TuGPfPmhy4qKbLTYaqHrRVray0mSKNK2awTINMbovSChcKH8am-8JjqoAvO7MQLOTzUiGRkqYw1Qb0PaixIcy68XYU6CvvrvUdQuEs3303vjQoBtc7NR8834nVg6xWbUzRzTRs4P7AuyXERO0vL2z90CIYL3XsF-MqPcu9urRA8Ti4i_OY7IRUoQlSE1t-6U4MVlsRY-nosztAS8PpA1KV07aotEYY_KX6Qqholt712sohjvXXaVvTmeafXo8aV_19f0r0T8klgKqctiWqq9yirB0n4ESNQznivMiaf9_VBbcVK03rVCRqEyZ6TwoQ-H6pV09paKxCyfoHNjQnMSZrN_2cWECVzkUd2CVbCdDUncbB9cP14l9Y7Swpto9H7D3a182zOhr2tRX7C7Vmgq8bxi1n9i0TNu6pg5Z4q787b3oNv9OmEhUi3a_0_UPawK6zwhk_kHhbcgZllnLpCWGqjPnWaxBGt8J1mtW601nrd_Vr2ibXuAQAsjxTW1YaiOLR6g446OjbMy8-tXcOrcrKw-L1HxIlyaBzeCSpNRAopQFAFmlIIkOPsvk20ulxRJxZG5mPnVsOW1Zo5KK3eDocQThU4aUnWbAsCCqh_zmEBv0mGRFWqAs772ggBmRCBgh3a6GvcpzlpQlGu1n1Bs4QTsQvLtMEE0lfa1quXk8tNAMImsTYskSzbklXsp01RCnBtCVS3bEiT8GeMv2QcGiL3J8mGLCUz_tgnB7Y9FIBKWVs_1HkmbJelb4Py6d5qZfinNYf-15PxGYmSPvla_9J7L26-sYu7yjX9kdI_cK4JL9pdAVVqpQ7t-qYyn9weRc5TwUYrm-xnMoRuM0q-U-Q1vVK1cc1dN8%3D&xkcb=SoCb6_M3EHR29FQ3mx0FbzkdCdPP&continueUrl=%2Fjobs%3Fsc%3D0kf%253Ajt%2528contract%2529%253B%26q%3DData%2BAnalyst%26page%3D110,Contract,2024-02-09T10:59:19Z,Remote
